#
#   VizieR Astronomical Server vizier.cds.unistra.fr
#    Date: 2024-11-14T21:37:55 [V7.4.1]
#   In case of problem, please report to:	cds-question@unistra.fr
#
#
#Coosys	J2000:	eq_FK5 J2000
#INFO	service_protocol=ASU	  IVOID of the protocol through which the data was retrieved
#INFO	request_date=2024-11-14T21:37:55	  Query execution date
#INFO	request=https://vizier.cds.unistra.fr/viz-bin/asu-tsv?-oc.form=dec&-out.max=unlimited&-out.add=_r&-out.add=_RAJ,_DEJ&-sort=_r&-source=J/A+A/537/A146/iso&-order=I&-out=logAge&logAge=8.5&-out=iso&iso=iso&-out=Rot&Rot=r&-out=Mini&-out=Zini&Zini=0.014&-out=Mass&-out=logL&-out=logTe&-out=Mbol&-out=Vmag&-out=U-B&-out=B-V&-out=logg&-out=Veq&-out=OOc&-out=logdM/dtm&-out=He4&	  Full request URL (POST)
#INFO	contact=cds-question@unistra.fr	  Email or URL to contact publisher
#INFO	server_software=7.4.1	  Software version
#INFO	publisher=CDS	  Data centre that produced the VOTable

#RESOURCE=yCat_35370146
#Name: J/A+A/537/A146
#Title: Stellar models with rotation. 0.8<M<120, Z=0.014 (Ekstrom+, 2012)
#INFO	ivoid=ivo://cds.vizier/j/a+a/537/a146	    IVOID of underlying data collection
#INFO	creator=Ekstrom S.	    First author or institution
#INFO	cites=bibcode:2012A&A...537A.146E	    Article or Data origin sources
#INFO	editor=Astronomy and Astrophysics	    Editor name (article)
#INFO	original_date=2012	    Year of the article publication
#INFO	reference_url=https://cdsarc.cds.unistra.fr/viz-bin/cat/J/A+A/537/A146	    Dataset landing page
#INFO	citation=doi:10.26093/cds/vizier.35370146	    Dataset identifier that can be used for citation
#INFO	publication_date=2012-04-03	    Date of first publication in the data centre
#INFO	rights_uri=https://cds.unistra.fr/vizier-org/licences_vizier.html	    Licence URI
#Table	J_A_A_537_A146_iso:
#Name: J/A+A/537/A146/iso
#Title: Isochrnones
#Column	logAge	(F4.1)	Initial age	[ucd=time.age]
#Column	iso	(A3)	Isochrone for this age	[ucd=meta.ref.url]
#Column	Rot	(A1)	[nr] r for rotation, n for no rotation	[ucd=meta.code]
#Column	Mini	(F7.3)	Initial mass	[ucd=phys.mass]
#Column	Zini	(F5.3)	[0.014] Initial metallicity	[ucd=phys.abund.Z]
#Column	Mass	(F7.3)	Actual mass at the age of the isochrone	[ucd=phys.mass]
#Column	logL	(F7.3)	Luminosity in log scale	[ucd=phys.luminosity]
#Column	logTe	(F5.3)	Effective temperature in log scale	[ucd=phys.temperature.effective;instr.scale]
#Column	Mbol	(F7.3)	Bolometric magnitude	[ucd=phys.magAbs.bol]
#Column	Vmag	(F7.3)	V-band absolute magnitude	[ucd=phot.mag;em.opt.V]
#Column	U-B	(F6.3)	U-B colour index	[ucd=phot.color;em.opt.U;em.opt.B]
#Column	B-V	(F6.3)	B-V colour index	[ucd=phot.color;em.opt.B;em.opt.V]
#Column	logg	(F6.3)	Polar effective surface gravity in log scale	[ucd=instr.scale]
#Column	Veq	(F9.2)	Equatorial velocity	[ucd=phys.veloc;pos.eq]
#Column	OOc	(F7.4)	Actual {Omega}_surf_/{Omega}_crit_	[ucd=stat.fit.param]
#Column	logdM/dtm	(F8.3)	Mechanical mass loss in log scale	[ucd=phys.mass.loss]
#Column	He4	(E9.2)	4He surface abundance (mass fraction)	[ucd=phys.abund]
logAge	iso	Rot	Mini	Zini	Mass	logL	logTe	Mbol	Vmag	U-B	B-V	logg	Veq	OOc	logdM/dtm	He4
[yr]	 	 	Msun	 	Msun	[Lsun]	[K]	mag	mag	mag	mag	[cm/s2]	km/s	 	[Msun/yr]	
----	---	-	-------	-----	-------	-------	-----	-------	-------	------	------	------	---------	-------	--------	---------
 8.5	iso	r	  0.800	0.014	  0.800	 -0.590	3.687	  6.226	  6.617	 0.494	 0.960	 4.633	     2.92	 0.0000	   0.000	 2.65e-01
 8.5	iso	r	  0.804	0.014	  0.804	 -0.581	3.689	  6.202	  6.588	 0.487	 0.952	 4.631	     2.96	 0.0000	   0.000	 2.65e-01
 8.5	iso	r	  0.807	0.014	  0.807	 -0.572	3.690	  6.179	  6.560	 0.480	 0.945	 4.630	     3.00	 0.0000	   0.000	 2.65e-01
 8.5	iso	r	  0.811	0.014	  0.811	 -0.562	3.692	  6.155	  6.531	 0.472	 0.938	 4.628	     3.03	 0.0000	   0.000	 2.65e-01
 8.5	iso	r	  0.815	0.014	  0.815	 -0.553	3.693	  6.132	  6.502	 0.465	 0.930	 4.626	     3.07	 0.0000	   0.000	 2.65e-01
 8.5	iso	r	  0.819	0.014	  0.819	 -0.543	3.694	  6.108	  6.474	 0.458	 0.923	 4.625	     3.10	 0.0000	   0.000	 2.65e-01
 8.5	iso	r	  0.822	0.014	  0.822	 -0.534	3.696	  6.085	  6.446	 0.451	 0.916	 4.623	     3.13	 0.0000	   0.000	 2.65e-01
 8.5	iso	r	  0.826	0.014	  0.826	 -0.524	3.697	  6.061	  6.418	 0.444	 0.909	 4.621	     3.16	 0.0000	   0.000	 2.65e-01
 8.5	iso	r	  0.830	0.014	  0.830	 -0.515	3.699	  6.038	  6.390	 0.436	 0.902	 4.620	     3.19	 0.0000	   0.000	 2.65e-01
 8.5	iso	r	  0.834	0.014	  0.834	 -0.506	3.700	  6.015	  6.362	 0.429	 0.895	 4.618	     3.22	 0.0000	   0.000	 2.65e-01
 8.5	iso	r	  0.837	0.014	  0.837	 -0.497	3.702	  5.992	  6.334	 0.422	 0.888	 4.617	     3.25	 0.0000	   0.000	 2.65e-01
 8.5	iso	r	  0.841	0.014	  0.841	 -0.488	3.703	  5.969	  6.306	 0.415	 0.881	 4.615	     3.28	 0.0000	   0.000	 2.65e-01
 8.5	iso	r	  0.845	0.014	  0.845	 -0.479	3.704	  5.946	  6.278	 0.408	 0.875	 4.614	     3.31	 0.0000	   0.000	 2.65e-01
 8.5	iso	r	  0.848	0.014	  0.848	 -0.470	3.706	  5.924	  6.251	 0.401	 0.868	 4.612	     3.34	 0.0000	   0.000	 2.65e-01
 8.5	iso	r	  0.852	0.014	  0.852	 -0.460	3.707	  5.901	  6.224	 0.394	 0.861	 4.610	     3.36	 0.0000	   0.000	 2.65e-01
 8.5	iso	r	  0.856	0.014	  0.856	 -0.452	3.708	  5.879	  6.196	 0.387	 0.855	 4.609	     3.39	 0.0000	   0.000	 2.65e-01
 8.5	iso	r	  0.860	0.014	  0.860	 -0.443	3.710	  5.856	  6.169	 0.380	 0.848	 4.607	     3.41	 0.0000	   0.000	 2.65e-01
 8.5	iso	r	  0.863	0.014	  0.863	 -0.434	3.711	  5.834	  6.142	 0.374	 0.842	 4.606	     3.43	 0.0000	   0.000	 2.65e-01
 8.5	iso	r	  0.867	0.014	  0.867	 -0.425	3.713	  5.812	  6.116	 0.367	 0.835	 4.604	     3.45	 0.0000	   0.000	 2.65e-01
 8.5	iso	r	  0.871	0.014	  0.871	 -0.416	3.714	  5.790	  6.089	 0.360	 0.829	 4.603	     3.47	 0.0000	   0.000	 2.65e-01
 8.5	iso	r	  0.874	0.014	  0.874	 -0.407	3.715	  5.768	  6.062	 0.353	 0.822	 4.601	     3.49	 0.0000	   0.000	 2.65e-01
 8.5	iso	r	  0.878	0.014	  0.878	 -0.398	3.717	  5.746	  6.035	 0.346	 0.816	 4.600	     3.51	 0.0000	   0.000	 2.65e-01
 8.5	iso	r	  0.882	0.014	  0.882	 -0.390	3.718	  5.724	  6.009	 0.340	 0.809	 4.598	     3.53	 0.0000	   0.000	 2.65e-01
 8.5	iso	r	  0.886	0.014	  0.886	 -0.381	3.719	  5.702	  5.982	 0.333	 0.803	 4.597	     3.55	 0.0000	   0.000	 2.65e-01
 8.5	iso	r	  0.889	0.014	  0.889	 -0.372	3.721	  5.680	  5.956	 0.326	 0.796	 4.595	     3.56	 0.0000	   0.000	 2.65e-01
 8.5	iso	r	  0.893	0.014	  0.893	 -0.364	3.722	  5.659	  5.930	 0.320	 0.790	 4.594	     3.58	 0.0000	   0.000	 2.65e-01
 8.5	iso	r	  0.897	0.014	  0.897	 -0.355	3.723	  5.637	  5.904	 0.313	 0.783	 4.592	     3.59	 0.0000	   0.000	 2.65e-01
 8.5	iso	r	  0.901	0.014	  0.901	 -0.346	3.725	  5.616	  5.878	 0.306	 0.776	 4.590	     3.61	 0.0000	   0.000	 2.65e-01
 8.5	iso	r	  0.904	0.014	  0.904	 -0.338	3.726	  5.594	  5.852	 0.300	 0.770	 4.588	     3.63	 0.0000	   0.000	 2.65e-01
 8.5	iso	r	  0.908	0.014	  0.908	 -0.329	3.727	  5.573	  5.827	 0.295	 0.765	 4.586	     3.66	 0.0000	   0.000	 2.65e-01
 8.5	iso	r	  0.912	0.014	  0.912	 -0.321	3.728	  5.552	  5.802	 0.289	 0.759	 4.584	     3.68	 0.0000	   0.000	 2.65e-01
 8.5	iso	r	  0.915	0.014	  0.915	 -0.312	3.729	  5.530	  5.776	 0.283	 0.753	 4.582	     3.70	 0.0000	   0.000	 2.65e-01
 8.5	iso	r	  0.919	0.014	  0.919	 -0.304	3.731	  5.509	  5.751	 0.277	 0.747	 4.580	     3.72	 0.0000	   0.000	 2.65e-01
 8.5	iso	r	  0.923	0.014	  0.923	 -0.295	3.732	  5.488	  5.726	 0.271	 0.741	 4.578	     3.73	 0.0000	   0.000	 2.65e-01
 8.5	iso	r	  0.927	0.014	  0.927	 -0.287	3.733	  5.467	  5.701	 0.265	 0.735	 4.576	     3.75	 0.0000	   0.000	 2.65e-01
 8.5	iso	r	  0.930	0.014	  0.930	 -0.278	3.734	  5.446	  5.676	 0.260	 0.730	 4.574	     3.76	 0.0000	   0.000	 2.65e-01
 8.5	iso	r	  0.934	0.014	  0.934	 -0.270	3.735	  5.425	  5.651	 0.254	 0.724	 4.572	     3.78	 0.0000	   0.000	 2.65e-01
 8.5	iso	r	  0.938	0.014	  0.938	 -0.262	3.736	  5.404	  5.627	 0.248	 0.718	 4.570	     3.81	 0.0000	   0.000	 2.65e-01
 8.5	iso	r	  0.942	0.014	  0.942	 -0.253	3.738	  5.384	  5.602	 0.242	 0.712	 4.568	     3.84	 0.0000	   0.000	 2.65e-01
 8.5	iso	r	  0.945	0.014	  0.945	 -0.245	3.739	  5.363	  5.578	 0.237	 0.707	 4.566	     3.87	 0.0000	   0.000	 2.65e-01
 8.5	iso	r	  0.949	0.014	  0.949	 -0.237	3.740	  5.342	  5.553	 0.231	 0.701	 4.564	     3.90	 0.0000	   0.000	 2.65e-01
 8.5	iso	r	  0.956	0.014	  0.956	 -0.221	3.742	  5.301	  5.504	 0.220	 0.692	 4.560	     3.95	 0.0000	   0.000	 2.65e-01
 8.5	iso	r	  0.964	0.014	  0.964	 -0.204	3.744	  5.261	  5.456	 0.209	 0.683	 4.556	     4.00	 0.0000	   0.000	 2.65e-01
 8.5	iso	r	  0.971	0.014	  0.971	 -0.188	3.746	  5.221	  5.408	 0.198	 0.674	 4.552	     4.05	 0.0000	   0.000	 2.65e-01
 8.5	iso	r	  0.979	0.014	  0.979	 -0.172	3.749	  5.181	  5.361	 0.186	 0.666	 4.549	     4.09	 0.0000	   0.000	 2.65e-01
 8.5	iso	r	  0.986	0.014	  0.986	 -0.156	3.751	  5.141	  5.314	 0.176	 0.657	 4.545	     4.14	 0.0000	   0.000	 2.65e-01
 8.5	iso	r	  0.994	0.014	  0.994	 -0.141	3.753	  5.101	  5.267	 0.165	 0.648	 4.541	     4.18	 0.0000	   0.000	 2.65e-01
 8.5	iso	r	  1.001	0.014	  1.001	 -0.125	3.755	  5.062	  5.220	 0.154	 0.640	 4.537	     4.22	 0.0000	   0.000	 2.65e-01
 8.5	iso	r	  1.009	0.014	  1.009	 -0.109	3.757	  5.023	  5.174	 0.144	 0.632	 4.532	     4.29	 0.0000	   0.000	 2.65e-01
 8.5	iso	r	  1.016	0.014	  1.016	 -0.094	3.759	  4.984	  5.129	 0.135	 0.625	 4.528	     4.35	 0.0000	   0.000	 2.65e-01
 8.5	iso	r	  1.023	0.014	  1.023	 -0.078	3.761	  4.945	  5.084	 0.125	 0.617	 4.523	     4.41	 0.0000	   0.000	 2.65e-01
 8.5	iso	r	  1.031	0.014	  1.031	 -0.063	3.763	  4.907	  5.039	 0.116	 0.610	 4.518	     4.45	 0.0000	   0.000	 2.65e-01
 8.5	iso	r	  1.038	0.014	  1.038	 -0.048	3.765	  4.869	  4.994	 0.107	 0.602	 4.513	     4.52	 0.0000	   0.000	 2.65e-01
 8.5	iso	r	  1.046	0.014	  1.046	 -0.032	3.766	  4.831	  4.950	 0.097	 0.595	 4.509	     4.60	 0.0000	   0.000	 2.65e-01
 8.5	iso	r	  1.053	0.014	  1.053	 -0.017	3.768	  4.793	  4.906	 0.088	 0.588	 4.504	     4.68	 0.0000	   0.000	 2.65e-01
 8.5	iso	r	  1.061	0.014	  1.061	 -0.002	3.770	  4.756	  4.862	 0.079	 0.581	 4.500	     4.76	 0.0000	   0.000	 2.65e-01
 8.5	iso	r	  1.068	0.014	  1.068	  0.012	3.772	  4.719	  4.819	 0.070	 0.574	 4.495	     4.83	 0.0000	   0.000	 2.65e-01
 8.5	iso	r	  1.076	0.014	  1.076	  0.027	3.774	  4.682	  4.776	 0.061	 0.566	 4.491	     4.91	 0.0000	   0.000	 2.65e-01
 8.5	iso	r	  1.083	0.014	  1.083	  0.042	3.776	  4.645	  4.733	 0.052	 0.559	 4.486	     5.00	 0.0000	   0.000	 2.65e-01
 8.5	iso	r	  1.091	0.014	  1.091	  0.057	3.777	  4.608	  4.690	 0.043	 0.552	 4.482	     5.08	 0.0000	   0.000	 2.65e-01
 8.5	iso	r	  1.098	0.014	  1.098	  0.071	3.779	  4.572	  4.650	 0.038	 0.546	 4.477	     5.16	 0.0000	   0.000	 2.65e-01
 8.5	iso	r	  1.113	0.014	  1.113	  0.096	3.782	  4.509	  4.580	 0.034	 0.536	 4.469	     5.48	 0.0000	   0.000	 2.65e-01
 8.5	iso	r	  1.128	0.014	  1.128	  0.120	3.784	  4.449	  4.514	 0.030	 0.526	 4.460	     5.80	 0.0000	   0.000	 2.65e-01
 8.5	iso	r	  1.143	0.014	  1.143	  0.144	3.787	  4.389	  4.448	 0.026	 0.517	 4.452	     6.09	 0.0000	   0.000	 2.65e-01
 8.5	iso	r	  1.158	0.014	  1.158	  0.168	3.789	  4.330	  4.384	 0.022	 0.508	 4.444	     6.37	 0.0000	   0.000	 2.65e-01
 8.5	iso	r	  1.172	0.014	  1.172	  0.192	3.792	  4.271	  4.320	 0.018	 0.499	 4.435	     6.64	 0.0000	   0.000	 2.65e-01
 8.5	iso	r	  1.187	0.014	  1.187	  0.215	3.794	  4.213	  4.256	 0.014	 0.490	 4.427	     6.89	 0.0000	   0.000	 2.66e-01
 8.5	iso	r	  1.202	0.014	  1.202	  0.238	3.796	  4.156	  4.194	 0.010	 0.481	 4.419	     7.14	 0.0000	   0.000	 2.66e-01
 8.5	iso	r	  1.217	0.014	  1.217	  0.260	3.799	  4.100	  4.132	 0.007	 0.472	 4.412	     7.37	 0.0000	   0.000	 2.66e-01
 8.5	iso	r	  1.232	0.014	  1.232	  0.282	3.801	  4.044	  4.071	 0.003	 0.464	 4.404	     7.60	 0.0000	   0.000	 2.66e-01
 8.5	iso	r	  1.247	0.014	  1.247	  0.304	3.804	  3.989	  4.011	-0.001	 0.456	 4.396	     7.82	 0.0000	   0.000	 2.66e-01
 8.5	iso	r	  1.254	0.014	  1.254	  0.316	3.805	  3.959	  3.978	-0.003	 0.451	 4.392	     7.96	 0.0000	   0.000	 2.66e-01
 8.5	iso	r	  1.262	0.014	  1.262	  0.329	3.806	  3.928	  3.943	-0.005	 0.445	 4.388	     8.12	 0.0000	   0.000	 2.66e-01
 8.5	iso	r	  1.269	0.014	  1.269	  0.342	3.808	  3.896	  3.908	-0.007	 0.440	 4.383	     8.27	 0.0000	   0.000	 2.66e-01
 8.5	iso	r	  1.277	0.014	  1.277	  0.354	3.809	  3.865	  3.874	-0.010	 0.435	 4.379	     8.42	 0.0000	   0.000	 2.66e-01
 8.5	iso	r	  1.284	0.014	  1.284	  0.366	3.810	  3.834	  3.840	-0.012	 0.429	 4.375	     8.56	 0.0000	   0.000	 2.66e-01
 8.5	iso	r	  1.292	0.014	  1.292	  0.379	3.812	  3.803	  3.806	-0.014	 0.424	 4.371	     8.71	 0.0000	   0.000	 2.66e-01
 8.5	iso	r	  1.307	0.014	  1.307	  0.403	3.815	  3.742	  3.740	-0.014	 0.415	 4.363	     8.99	 0.0000	   0.000	 2.66e-01
 8.5	iso	r	  1.321	0.014	  1.321	  0.427	3.817	  3.682	  3.676	-0.011	 0.406	 4.354	     9.26	 0.0000	   0.000	 2.66e-01
 8.5	iso	r	  1.336	0.014	  1.336	  0.451	3.820	  3.622	  3.613	-0.008	 0.398	 4.346	     9.53	 0.0000	   0.000	 2.66e-01
 8.5	iso	r	  1.351	0.014	  1.351	  0.475	3.823	  3.563	  3.551	-0.005	 0.389	 4.338	     9.80	 0.0000	   0.000	 2.66e-01
 8.5	iso	r	  1.366	0.014	  1.366	  0.497	3.826	  3.508	  3.491	-0.001	 0.379	 4.334	    10.17	 0.0000	   0.000	 2.66e-01
 8.5	iso	r	  1.381	0.014	  1.381	  0.519	3.829	  3.452	  3.432	 0.002	 0.369	 4.329	    10.53	 0.0000	   0.000	 2.66e-01
 8.5	iso	r	  1.396	0.014	  1.396	  0.541	3.832	  3.398	  3.374	 0.006	 0.360	 4.324	    10.89	 0.0000	   0.000	 2.66e-01
 8.5	iso	r	  1.411	0.014	  1.411	  0.562	3.835	  3.344	  3.316	 0.009	 0.350	 4.319	    11.24	 0.0000	   0.000	 2.66e-01
 8.5	iso	r	  1.426	0.014	  1.426	  0.584	3.838	  3.291	  3.259	 0.013	 0.340	 4.315	    11.58	 0.0000	   0.000	 2.66e-01
 8.5	iso	r	  1.441	0.014	  1.441	  0.605	3.841	  3.238	  3.202	 0.016	 0.331	 4.310	    11.91	 0.0000	   0.000	 2.66e-01
 8.5	iso	r	  1.456	0.014	  1.456	  0.626	3.844	  3.185	  3.146	 0.019	 0.322	 4.306	    12.23	 0.0000	   0.000	 2.66e-01
 8.5	iso	r	  1.470	0.014	  1.470	  0.647	3.847	  3.134	  3.094	 0.026	 0.314	 4.301	    12.55	 0.0000	   0.000	 2.66e-01
 8.5	iso	r	  1.485	0.014	  1.485	  0.667	3.850	  3.082	  3.042	 0.034	 0.308	 4.297	    12.85	 0.0000	   0.000	 2.66e-01
 8.5	iso	r	  1.500	0.014	  1.500	  0.688	3.853	  3.031	  2.991	 0.042	 0.301	 4.292	    13.36	 0.0008	   0.000	 2.66e-01
 8.5	iso	r	  1.515	0.014	  1.515	  0.707	3.857	  2.982	  2.942	 0.052	 0.292	 4.292	    23.35	 0.0426	   0.000	 2.66e-01
 8.5	iso	r	  1.530	0.014	  1.530	  0.726	3.860	  2.934	  2.894	 0.061	 0.284	 4.292	    33.24	 0.0839	   0.000	 2.66e-01
 8.5	iso	r	  1.545	0.014	  1.545	  0.746	3.864	  2.886	  2.846	 0.071	 0.276	 4.292	    43.03	 0.1248	   0.000	 2.66e-01
 8.5	iso	r	  1.560	0.014	  1.560	  0.764	3.868	  2.839	  2.799	 0.080	 0.267	 4.292	    52.73	 0.1653	   0.000	 2.66e-01
 8.5	iso	r	  1.575	0.014	  1.575	  0.783	3.871	  2.792	  2.752	 0.090	 0.259	 4.293	    62.32	 0.2055	   0.000	 2.66e-01
 8.5	iso	r	  1.590	0.014	  1.590	  0.802	3.875	  2.745	  2.705	 0.099	 0.251	 4.294	    71.83	 0.2452	   0.000	 2.66e-01
 8.5	iso	r	  1.605	0.014	  1.605	  0.820	3.878	  2.699	  2.661	 0.100	 0.242	 4.295	    81.24	 0.2845	   0.000	 2.66e-01
 8.5	iso	r	  1.619	0.014	  1.619	  0.839	3.881	  2.653	  2.618	 0.100	 0.234	 4.297	    90.56	 0.3235	   0.000	 2.66e-01
 8.5	iso	r	  1.634	0.014	  1.634	  0.857	3.885	  2.608	  2.575	 0.100	 0.226	 4.298	    99.79	 0.3621	   0.000	 2.66e-01
 8.5	iso	r	  1.649	0.014	  1.649	  0.875	3.888	  2.563	  2.532	 0.100	 0.217	 4.301	   108.93	 0.4004	   0.000	 2.66e-01
 8.5	iso	r	  1.664	0.014	  1.664	  0.893	3.892	  2.518	  2.490	 0.100	 0.209	 4.303	   117.99	 0.4383	   0.000	 2.66e-01
 8.5	iso	r	  1.679	0.014	  1.679	  0.910	3.895	  2.474	  2.448	 0.100	 0.200	 4.306	   126.96	 0.4758	   0.000	 2.66e-01
 8.5	iso	r	  1.694	0.014	  1.694	  0.928	3.898	  2.430	  2.406	 0.100	 0.192	 4.309	   135.84	 0.5130	   0.000	 2.66e-01
 8.5	iso	r	  1.709	0.014	  1.709	  0.945	3.901	  2.387	  2.366	 0.100	 0.184	 4.310	   139.40	 0.5274	   0.000	 2.66e-01
 8.5	iso	r	  1.724	0.014	  1.724	  0.962	3.904	  2.346	  2.328	 0.100	 0.177	 4.309	   139.41	 0.5266	   0.000	 2.66e-01
 8.5	iso	r	  1.739	0.014	  1.739	  0.978	3.907	  2.305	  2.292	 0.098	 0.170	 4.308	   139.39	 0.5260	   0.000	 2.66e-01
 8.5	iso	r	  1.754	0.014	  1.754	  0.994	3.910	  2.265	  2.256	 0.097	 0.164	 4.307	   139.37	 0.5254	   0.000	 2.66e-01
 8.5	iso	r	  1.768	0.014	  1.768	  1.010	3.913	  2.225	  2.220	 0.096	 0.157	 4.306	   139.34	 0.5248	   0.000	 2.66e-01
 8.5	iso	r	  1.783	0.014	  1.783	  1.026	3.916	  2.185	  2.185	 0.095	 0.151	 4.305	   139.42	 0.5243	   0.000	 2.66e-01
 8.5	iso	r	  1.798	0.014	  1.798	  1.042	3.918	  2.146	  2.150	 0.094	 0.145	 4.304	   139.57	 0.5237	   0.000	 2.66e-01
 8.5	iso	r	  1.813	0.014	  1.813	  1.057	3.921	  2.107	  2.115	 0.093	 0.138	 4.302	   139.68	 0.5232	   0.000	 2.66e-01
 8.5	iso	r	  1.828	0.014	  1.828	  1.073	3.924	  2.068	  2.080	 0.092	 0.133	 4.301	   139.76	 0.5227	   0.000	 2.66e-01
 8.5	iso	r	  1.843	0.014	  1.843	  1.088	3.926	  2.030	  2.046	 0.091	 0.127	 4.299	   139.82	 0.5224	   0.000	 2.66e-01
 8.5	iso	r	  1.858	0.014	  1.858	  1.103	3.929	  1.992	  2.011	 0.090	 0.121	 4.297	   139.90	 0.5221	   0.000	 2.66e-01
 8.5	iso	r	  1.873	0.014	  1.873	  1.118	3.931	  1.954	  1.980	 0.086	 0.114	 4.296	   140.01	 0.5219	   0.000	 2.66e-01
 8.5	iso	r	  1.888	0.014	  1.888	  1.133	3.934	  1.916	  1.949	 0.083	 0.107	 4.294	   140.09	 0.5216	   0.000	 2.66e-01
 8.5	iso	r	  1.903	0.014	  1.903	  1.148	3.936	  1.879	  1.919	 0.079	 0.100	 4.292	   140.13	 0.5215	   0.000	 2.66e-01
 8.5	iso	r	  1.917	0.014	  1.917	  1.163	3.938	  1.842	  1.888	 0.075	 0.094	 4.290	   140.14	 0.5213	   0.000	 2.66e-01
 8.5	iso	r	  1.932	0.014	  1.932	  1.178	3.941	  1.806	  1.858	 0.071	 0.087	 4.288	   140.14	 0.5212	   0.000	 2.66e-01
 8.5	iso	r	  1.947	0.014	  1.947	  1.193	3.943	  1.768	  1.828	 0.067	 0.080	 4.286	   140.28	 0.5213	   0.000	 2.66e-01
 8.5	iso	r	  1.962	0.014	  1.962	  1.208	3.946	  1.730	  1.797	 0.063	 0.074	 4.284	   140.45	 0.5214	   0.000	 2.66e-01
 8.5	iso	r	  1.977	0.014	  1.977	  1.223	3.948	  1.693	  1.766	 0.060	 0.067	 4.282	   140.65	 0.5216	   0.000	 2.66e-01
 8.5	iso	r	  1.992	0.014	  1.992	  1.237	3.950	  1.657	  1.736	 0.056	 0.060	 4.280	   140.88	 0.5218	   0.000	 2.66e-01
 8.5	iso	r	  2.007	0.014	  2.007	  1.252	3.952	  1.621	  1.706	 0.052	 0.054	 4.278	   141.06	 0.5219	   0.000	 2.66e-01
 8.5	iso	r	  2.037	0.014	  2.037	  1.280	3.957	  1.550	  1.648	 0.046	 0.045	 4.272	   140.96	 0.5219	   0.000	 2.66e-01
 8.5	iso	r	  2.066	0.014	  2.066	  1.308	3.961	  1.481	  1.590	 0.039	 0.036	 4.267	   140.59	 0.5220	   0.000	 2.66e-01
 8.5	iso	r	  2.096	0.014	  2.096	  1.335	3.964	  1.412	  1.532	 0.033	 0.028	 4.261	   140.84	 0.5222	   0.000	 2.66e-01
 8.5	iso	r	  2.126	0.014	  2.126	  1.363	3.968	  1.343	  1.474	 0.026	 0.020	 4.255	   141.10	 0.5225	   0.000	 2.66e-01
 8.5	iso	r	  2.156	0.014	  2.156	  1.390	3.972	  1.274	  1.417	 0.020	 0.012	 4.249	   141.35	 0.5230	   0.000	 2.66e-01
 8.5	iso	r	  2.186	0.014	  2.186	  1.417	3.976	  1.207	  1.360	 0.014	 0.005	 4.242	   141.59	 0.5236	   0.000	 2.66e-01
 8.5	iso	r	  2.215	0.014	  2.215	  1.444	3.979	  1.140	  1.305	 0.006	-0.002	 4.235	   141.83	 0.5242	   0.000	 2.66e-01
 8.5	iso	r	  2.275	0.014	  2.275	  1.497	3.986	  1.007	  1.200	-0.015	-0.011	 4.221	   142.19	 0.5257	   0.000	 2.66e-01
 8.5	iso	r	  2.335	0.014	  2.335	  1.550	3.992	  0.875	  1.094	-0.036	-0.020	 4.206	   141.82	 0.5275	   0.000	 2.66e-01
 8.5	iso	r	  2.394	0.014	  2.394	  1.602	3.998	  0.744	  0.988	-0.055	-0.028	 4.189	   142.23	 0.5297	   0.000	 2.66e-01
 8.5	iso	r	  2.454	0.014	  2.454	  1.654	4.004	  0.615	  0.885	-0.076	-0.034	 4.170	   142.09	 0.5320	   0.000	 2.66e-01
 8.5	iso	r	  2.513	0.014	  2.513	  1.705	4.009	  0.487	  0.781	-0.095	-0.040	 4.150	   142.18	 0.5349	   0.000	 2.66e-01
 8.5	iso	r	  2.573	0.014	  2.573	  1.755	4.014	  0.363	  0.679	-0.112	-0.045	 4.129	   142.80	 0.5389	   0.000	 2.66e-01
 8.5	iso	r	  2.633	0.014	  2.633	  1.804	4.018	  0.239	  0.575	-0.128	-0.049	 4.106	   142.70	 0.5433	   0.000	 2.66e-01
 8.5	iso	r	  2.692	0.014	  2.692	  1.854	4.021	  0.115	  0.468	-0.141	-0.053	 4.080	   142.59	 0.5479	   0.000	 2.66e-01
 8.5	iso	r	  2.752	0.014	  2.752	  1.904	4.024	 -0.009	  0.358	-0.153	-0.056	 4.053	   142.84	 0.5530	   0.000	 2.66e-01
 8.5	iso	r	  2.811	0.014	  2.811	  1.953	4.026	 -0.133	  0.245	-0.161	-0.059	 4.022	   142.86	 0.5583	   0.000	 2.66e-01
 8.5	iso	r	  2.871	0.014	  2.871	  2.003	4.028	 -0.258	  0.128	-0.168	-0.061	 3.988	   142.55	 0.5640	   0.000	 2.66e-01
 8.5	iso	r	  2.931	0.014	  2.931	  2.054	4.028	 -0.384	  0.005	-0.170	-0.061	 3.950	   141.28	 0.5698	   0.000	 2.66e-01
 8.5	iso	r	  2.990	0.014	  2.990	  2.104	4.028	 -0.511	 -0.125	-0.168	-0.061	 3.906	   140.10	 0.5763	   0.000	 2.66e-01
 8.5	iso	r	  3.050	0.014	  3.050	  2.154	4.026	 -0.634	 -0.256	-0.161	-0.059	 3.860	   139.30	 0.5825	   0.000	 2.66e-01
 8.5	iso	r	  3.109	0.014	  3.109	  2.203	4.023	 -0.758	 -0.396	-0.148	-0.055	 3.806	   136.97	 0.5890	   0.000	 2.66e-01
 8.5	iso	r	  3.169	0.014	  3.169	  2.253	4.017	 -0.882	 -0.548	-0.126	-0.049	 3.743	   134.67	 0.5953	   0.000	 2.66e-01
 8.5	iso	r	  3.229	0.014	  3.229	  2.304	4.009	 -1.009	 -0.714	-0.096	-0.040	 3.669	   131.50	 0.6019	   0.000	 2.67e-01
 8.5	iso	r	  3.288	0.014	  3.288	  2.365	4.006	 -1.163	 -0.884	-0.083	-0.037	 3.605	   130.47	 0.6168	   0.000	 2.67e-01
 8.5	iso	r	  3.296	0.014	  3.296	  2.381	4.012	 -1.202	 -0.895	-0.105	-0.043	 3.614	   133.58	 0.6254	   0.000	 2.67e-01
 8.5	iso	r	  3.299	0.014	  3.299	  2.394	4.019	 -1.236	 -0.893	-0.133	-0.051	 3.632	   137.52	 0.6347	   0.000	 2.67e-01
 8.5	iso	r	  3.307	0.014	  3.307	  2.480	4.022	 -1.449	 -1.091	-0.145	-0.054	 3.559	   130.60	 0.6291	   0.000	 2.67e-01
 8.5	iso	r	  3.309	0.014	  3.309	  2.486	4.017	 -1.466	 -1.134	-0.125	-0.048	 3.530	   126.66	 0.6212	   0.000	 2.67e-01
 8.5	iso	r	  3.311	0.014	  3.311	  2.491	4.011	 -1.478	 -1.176	-0.101	-0.042	 3.500	   122.66	 0.6149	   0.000	 2.67e-01
 8.5	iso	r	  3.313	0.014	  3.313	  2.496	4.004	 -1.490	 -1.218	-0.077	-0.035	 3.469	   118.82	 0.6055	   0.000	 2.67e-01
 8.5	iso	r	  3.313	0.014	  3.313	  2.498	4.000	 -1.495	 -1.243	-0.061	-0.030	 3.451	   116.69	 0.6023	   0.000	 2.67e-01
 8.5	iso	r	  3.314	0.014	  3.314	  2.500	3.996	 -1.500	 -1.267	-0.047	-0.024	 3.431	   114.72	 0.5984	   0.000	 2.67e-01
 8.5	iso	r	  3.315	0.014	  3.315	  2.502	3.992	 -1.505	 -1.287	-0.035	-0.019	 3.412	   111.74	 0.5915	   0.000	 2.67e-01
 8.5	iso	r	  3.316	0.014	  3.316	  2.503	3.987	 -1.508	 -1.311	-0.019	-0.012	 3.390	   108.99	 0.5850	   0.000	 2.67e-01
 8.5	iso	r	  3.317	0.014	  3.317	  2.504	3.981	 -1.511	 -1.340	 0.002	-0.004	 3.363	   105.87	 0.5790	   0.000	 2.67e-01
 8.5	iso	r	  3.318	0.014	  3.318	  2.505	3.977	 -1.512	 -1.354	 0.011	 0.002	 3.348	   104.34	 0.5754	   0.000	 2.67e-01
 8.5	iso	r	  3.318	0.014	  3.318	  2.505	3.974	 -1.512	 -1.363	 0.016	 0.008	 3.336	   102.73	 0.5702	   0.000	 2.67e-01
 8.5	iso	r	  3.319	0.014	  3.319	  2.505	3.970	 -1.513	 -1.375	 0.023	 0.016	 3.319	   100.79	 0.5661	   0.000	 2.67e-01
 8.5	iso	r	  3.319	0.014	  3.319	  2.505	3.966	 -1.512	 -1.387	 0.030	 0.025	 3.301	    98.74	 0.5610	   0.000	 2.67e-01
 8.5	iso	r	  3.319	0.014	  3.319	  2.504	3.961	 -1.511	 -1.400	 0.038	 0.035	 3.283	    96.66	 0.5557	   0.000	 2.67e-01
 8.5	iso	r	  3.320	0.014	  3.320	  2.504	3.959	 -1.510	 -1.406	 0.042	 0.040	 3.273	    95.65	 0.5533	   0.000	 2.67e-01
 8.5	iso	r	  3.320	0.014	  3.320	  2.504	3.956	 -1.510	 -1.413	 0.046	 0.045	 3.262	    94.62	 0.5508	   0.000	 2.67e-01
 8.5	iso	r	  3.320	0.014	  3.320	  2.503	3.953	 -1.508	 -1.421	 0.051	 0.052	 3.250	    93.41	 0.5479	   0.000	 2.67e-01
 8.5	iso	r	  3.320	0.014	  3.320	  2.503	3.950	 -1.507	 -1.427	 0.056	 0.060	 3.239	    92.19	 0.5446	   0.000	 2.67e-01
 8.5	iso	r	  3.321	0.014	  3.321	  2.502	3.948	 -1.506	 -1.433	 0.060	 0.067	 3.229	    90.99	 0.5409	   0.000	 2.67e-01
 8.5	iso	r	  3.321	0.014	  3.321	  2.501	3.945	 -1.504	 -1.440	 0.065	 0.076	 3.217	    89.68	 0.5373	   0.000	 2.67e-01
 8.5	iso	r	  3.321	0.014	  3.321	  2.500	3.941	 -1.501	 -1.447	 0.070	 0.086	 3.204	    88.28	 0.5337	   0.000	 2.67e-01
 8.5	iso	r	  3.321	0.014	  3.321	  2.500	3.939	 -1.500	 -1.451	 0.074	 0.091	 3.196	    87.57	 0.5318	   0.000	 2.67e-01
 8.5	iso	r	  3.321	0.014	  3.321	  2.499	3.937	 -1.498	 -1.455	 0.077	 0.097	 3.189	    86.84	 0.5298	   0.000	 2.67e-01
 8.5	iso	r	  3.321	0.014	  3.321	  2.499	3.935	 -1.497	 -1.459	 0.080	 0.102	 3.181	    86.12	 0.5279	   0.000	 2.67e-01
 8.5	iso	r	  3.322	0.014	  3.322	  2.498	3.933	 -1.495	 -1.463	 0.083	 0.108	 3.174	    85.40	 0.5259	   0.000	 2.67e-01
 8.5	iso	r	  3.322	0.014	  3.322	  2.497	3.931	 -1.494	 -1.467	 0.086	 0.114	 3.166	    84.65	 0.5237	   0.000	 2.67e-01
 8.5	iso	r	  3.322	0.014	  3.322	  2.497	3.929	 -1.492	 -1.471	 0.090	 0.119	 3.159	    83.88	 0.5214	   0.000	 2.67e-01
 8.5	iso	r	  3.322	0.014	  3.322	  2.495	3.925	 -1.487	 -1.473	 0.092	 0.129	 3.143	    82.31	 0.5167	   0.000	 2.67e-01
 8.5	iso	r	  3.322	0.014	  3.322	  2.494	3.923	 -1.485	 -1.475	 0.092	 0.134	 3.134	    81.46	 0.5142	   0.000	 2.67e-01
 8.5	iso	r	  3.322	0.014	  3.322	  2.493	3.920	 -1.483	 -1.476	 0.093	 0.140	 3.126	    80.61	 0.5117	   0.000	 2.67e-01
 8.5	iso	r	  3.322	0.014	  3.322	  2.492	3.918	 -1.480	 -1.477	 0.094	 0.146	 3.117	    79.77	 0.5092	   0.000	 2.67e-01
 8.5	iso	r	  3.323	0.014	  3.323	  2.491	3.915	 -1.477	 -1.478	 0.095	 0.151	 3.107	    78.87	 0.5064	   0.000	 2.67e-01
 8.5	iso	r	  3.323	0.014	  3.323	  2.490	3.913	 -1.474	 -1.479	 0.096	 0.157	 3.098	    77.95	 0.5036	   0.000	 2.67e-01
 8.5	iso	r	  3.323	0.014	  3.323	  2.488	3.910	 -1.471	 -1.478	 0.098	 0.163	 3.088	    76.95	 0.5002	   0.000	 2.67e-01
 8.5	iso	r	  3.323	0.014	  3.323	  2.487	3.907	 -1.468	 -1.478	 0.100	 0.168	 3.078	    75.94	 0.4969	   0.000	 2.67e-01
 8.5	iso	r	  3.323	0.014	  3.323	  2.486	3.905	 -1.464	 -1.477	 0.101	 0.174	 3.069	    74.94	 0.4935	   0.000	 2.67e-01
 8.5	iso	r	  3.323	0.014	  3.323	  2.484	3.902	 -1.460	 -1.475	 0.102	 0.181	 3.058	    73.93	 0.4901	   0.000	 2.67e-01
 8.5	iso	r	  3.323	0.014	  3.323	  2.482	3.898	 -1.456	 -1.471	 0.103	 0.189	 3.047	    72.93	 0.4868	   0.000	 2.67e-01
 8.5	iso	r	  3.323	0.014	  3.323	  2.480	3.895	 -1.451	 -1.467	 0.103	 0.197	 3.035	    71.92	 0.4835	   0.000	 2.67e-01
 8.5	iso	r	  3.324	0.014	  3.324	  2.479	3.892	 -1.447	 -1.464	 0.104	 0.204	 3.024	    70.91	 0.4802	   0.000	 2.67e-01
 8.5	iso	r	  3.324	0.014	  3.324	  2.477	3.889	 -1.442	 -1.459	 0.104	 0.212	 3.012	    69.90	 0.4768	   0.000	 2.67e-01
 8.5	iso	r	  3.324	0.014	  3.324	  2.475	3.885	 -1.436	 -1.454	 0.103	 0.222	 3.000	    68.83	 0.4730	   0.000	 2.67e-01
 8.5	iso	r	  3.324	0.014	  3.324	  2.472	3.882	 -1.431	 -1.448	 0.102	 0.231	 2.987	    67.77	 0.4693	   0.000	 2.67e-01
 8.5	iso	r	  3.324	0.014	  3.324	  2.470	3.878	 -1.425	 -1.441	 0.101	 0.240	 2.974	    66.66	 0.4653	   0.000	 2.67e-01
 8.5	iso	r	  3.324	0.014	  3.324	  2.467	3.874	 -1.418	 -1.433	 0.098	 0.251	 2.960	    65.46	 0.4608	   0.000	 2.67e-01
 8.5	iso	r	  3.324	0.014	  3.324	  2.464	3.870	 -1.411	 -1.424	 0.093	 0.262	 2.946	    64.25	 0.4563	   0.000	 2.67e-01
 8.5	iso	r	  3.324	0.014	  3.324	  2.462	3.866	 -1.404	 -1.415	 0.090	 0.273	 2.932	    63.04	 0.4519	   0.000	 2.67e-01
 8.5	iso	r	  3.324	0.014	  3.324	  2.458	3.861	 -1.396	 -1.405	 0.088	 0.286	 2.916	    61.82	 0.4472	   0.000	 2.67e-01
 8.5	iso	r	  3.325	0.014	  3.325	  2.455	3.856	 -1.388	 -1.395	 0.087	 0.299	 2.901	    60.59	 0.4426	   0.000	 2.67e-01
 8.5	iso	r	  3.325	0.014	  3.325	  2.452	3.852	 -1.379	 -1.388	 0.084	 0.312	 2.885	    59.36	 0.4380	   0.000	 2.67e-01
 8.5	iso	r	  3.325	0.014	  3.325	  2.447	3.846	 -1.368	 -1.378	 0.081	 0.327	 2.867	    58.01	 0.4327	   0.000	 2.67e-01
 8.5	iso	r	  3.325	0.014	  3.325	  2.443	3.841	 -1.357	 -1.364	 0.081	 0.344	 2.849	    56.65	 0.4274	   0.000	 2.67e-01
 8.5	iso	r	  3.325	0.014	  3.325	  2.438	3.835	 -1.346	 -1.350	 0.083	 0.361	 2.831	    55.29	 0.4220	   0.000	 2.67e-01
 8.5	iso	r	  3.325	0.014	  3.325	  2.434	3.830	 -1.335	 -1.335	 0.085	 0.378	 2.813	    53.92	 0.4166	   0.000	 2.67e-01
 8.5	iso	r	  3.325	0.014	  3.325	  2.428	3.823	 -1.321	 -1.318	 0.087	 0.398	 2.792	    52.44	 0.4101	   0.000	 2.67e-01
 8.5	iso	r	  3.325	0.014	  3.325	  2.423	3.817	 -1.307	 -1.300	 0.089	 0.418	 2.772	    50.96	 0.4036	   0.000	 2.67e-01
 8.5	iso	r	  3.326	0.014	  3.326	  2.417	3.810	 -1.292	 -1.279	 0.091	 0.440	 2.751	    49.40	 0.3961	   0.000	 2.67e-01
 8.5	iso	r	  3.326	0.014	  3.326	  2.410	3.804	 -1.274	 -1.255	 0.095	 0.463	 2.731	    47.76	 0.3876	   0.000	 2.67e-01
 8.5	iso	r	  3.326	0.014	  3.326	  2.403	3.797	 -1.257	 -1.231	 0.098	 0.486	 2.711	    46.13	 0.3792	   0.000	 2.67e-01
 8.5	iso	r	  3.326	0.014	  3.326	  2.396	3.790	 -1.239	 -1.206	 0.107	 0.511	 2.691	    44.48	 0.3705	   0.000	 2.67e-01
 8.5	iso	r	  3.326	0.014	  3.326	  2.386	3.783	 -1.216	 -1.174	 0.124	 0.540	 2.671	    42.66	 0.3596	   0.000	 2.67e-01
 8.5	iso	r	  3.326	0.014	  3.326	  2.377	3.776	 -1.193	 -1.142	 0.142	 0.570	 2.652	    40.84	 0.3486	   0.000	 2.67e-01
 8.5	iso	r	  3.326	0.014	  3.326	  2.368	3.769	 -1.170	 -1.110	 0.159	 0.599	 2.632	    39.02	 0.3376	   0.000	 2.67e-01
 8.5	iso	r	  3.326	0.014	  3.326	  2.357	3.762	 -1.143	 -1.071	 0.197	 0.631	 2.614	    37.16	 0.3255	   0.000	 2.67e-01
 8.5	iso	r	  3.326	0.014	  3.326	  2.345	3.755	 -1.113	 -1.028	 0.236	 0.663	 2.596	    35.28	 0.3124	   0.000	 2.67e-01
 8.5	iso	r	  3.327	0.014	  3.327	  2.333	3.748	 -1.083	 -0.985	 0.275	 0.696	 2.579	    33.40	 0.2993	   0.000	 2.67e-01
 8.5	iso	r	  3.327	0.014	  3.327	  2.319	3.741	 -1.048	 -0.933	 0.321	 0.724	 2.567	    31.58	 0.2853	   0.000	 2.67e-01
 8.5	iso	r	  3.327	0.014	  3.327	  2.304	3.735	 -1.010	 -0.879	 0.368	 0.752	 2.556	    29.78	 0.2709	   0.000	 2.67e-01
 8.5	iso	r	  3.327	0.014	  3.327	  2.289	3.729	 -0.972	 -0.825	 0.414	 0.779	 2.545	    27.99	 0.2566	   0.000	 2.67e-01
 8.5	iso	r	  3.327	0.014	  3.327	  2.273	3.724	 -0.932	 -0.770	 0.454	 0.802	 2.539	    26.25	 0.2420	   0.000	 2.67e-01
 8.5	iso	r	  3.327	0.014	  3.327	  2.255	3.719	 -0.888	 -0.712	 0.486	 0.820	 2.540	    24.62	 0.2271	   0.000	 2.67e-01
 8.5	iso	r	  3.327	0.014	  3.327	  2.238	3.715	 -0.844	 -0.655	 0.517	 0.838	 2.541	    22.98	 0.2122	   0.000	 2.67e-01
 8.5	iso	r	  3.327	0.014	  3.327	  2.220	3.711	 -0.800	 -0.598	 0.548	 0.856	 2.542	    21.35	 0.1974	   0.000	 2.67e-01
 8.5	iso	r	  3.328	0.014	  3.328	  2.204	3.708	 -0.759	 -0.545	 0.576	 0.872	 2.543	    19.87	 0.1835	   0.000	 2.67e-01
 8.5	iso	r	  3.328	0.014	  3.328	  2.188	3.704	 -0.719	 -0.490	 0.606	 0.889	 2.544	    18.39	 0.1697	   0.000	 2.68e-01
 8.5	iso	r	  3.328	0.014	  3.328	  2.171	3.701	 -0.678	 -0.431	 0.638	 0.907	 2.546	    16.90	 0.1558	   0.000	 2.68e-01
 8.5	iso	r	  3.328	0.014	  3.328	  2.161	3.697	 -0.653	 -0.387	 0.675	 0.926	 2.540	    15.52	 0.1433	   0.000	 2.68e-01
 8.5	iso	r	  3.328	0.014	  3.328	  2.155	3.693	 -0.638	 -0.354	 0.721	 0.946	 2.530	    14.21	 0.1318	   0.000	 2.69e-01
 8.5	iso	r	  3.328	0.014	  3.328	  2.150	3.689	 -0.624	 -0.321	 0.768	 0.966	 2.520	    12.89	 0.1203	   0.000	 2.69e-01
 8.5	iso	r	  3.328	0.014	  3.328	  2.156	3.686	 -0.640	 -0.324	 0.803	 0.981	 2.501	    11.96	 0.1126	   0.000	 2.70e-01
 8.5	iso	r	  3.328	0.014	  3.328	  2.164	3.683	 -0.661	 -0.332	 0.837	 0.996	 2.481	    11.08	 0.1054	   0.000	 2.71e-01
 8.5	iso	r	  3.329	0.014	  3.329	  2.173	3.680	 -0.682	 -0.340	 0.870	 1.010	 2.461	    10.20	 0.0982	   0.000	 2.72e-01
 8.5	iso	r	  3.329	0.014	  3.329	  2.188	3.678	 -0.720	 -0.366	 0.899	 1.022	 2.436	     9.57	 0.0933	   0.000	 2.74e-01
 8.5	iso	r	  3.329	0.014	  3.329	  2.204	3.675	 -0.760	 -0.396	 0.926	 1.034	 2.410	     8.98	 0.0889	   0.000	 2.75e-01
 8.5	iso	r	  3.329	0.014	  3.329	  2.220	3.673	 -0.800	 -0.424	 0.950	 1.045	 2.386	     8.48	 0.0851	   0.000	 2.76e-01
 8.5	iso	r	  3.329	0.014	  3.329	  2.235	3.671	 -0.837	 -0.452	 0.969	 1.056	 2.362	     8.10	 0.0823	   0.000	 2.77e-01
 8.5	iso	r	  3.329	0.014	  3.329	  2.250	3.669	 -0.874	 -0.478	 0.987	 1.066	 2.339	     7.72	 0.0796	   0.000	 2.79e-01
 8.5	iso	r	  3.329	0.014	  3.329	  2.263	3.667	 -0.909	 -0.504	 1.003	 1.074	 2.319	     7.45	 0.0777	   0.000	 2.80e-01
 8.5	iso	r	  3.329	0.014	  3.329	  2.277	3.665	 -0.943	 -0.530	 1.019	 1.083	 2.298	     7.18	 0.0758	   0.000	 2.81e-01
 8.5	iso	r	  3.329	0.014	  3.329	  2.291	3.664	 -0.977	 -0.556	 1.034	 1.091	 2.278	     6.94	 0.0741	   0.000	 2.82e-01
 8.5	iso	r	  3.330	0.014	  3.330	  2.304	3.663	 -1.010	 -0.584	 1.044	 1.097	 2.260	     6.74	 0.0728	   0.000	 2.84e-01
 8.5	iso	r	  3.330	0.014	  3.330	  2.317	3.661	 -1.044	 -0.611	 1.055	 1.103	 2.242	     6.55	 0.0715	   0.000	 2.85e-01
 8.5	iso	r	  3.330	0.014	  3.330	  2.342	3.660	 -1.104	 -0.662	 1.072	 1.112	 2.210	     6.24	 0.0694	   0.000	 2.87e-01
 8.5	iso	r	  3.330	0.014	  3.330	  2.366	3.658	 -1.165	 -0.714	 1.087	 1.120	 2.180	     5.96	 0.0676	   0.000	 2.90e-01
 8.5	iso	r	  3.330	0.014	  3.330	  2.389	3.656	 -1.223	 -0.765	 1.102	 1.128	 2.150	     5.72	 0.0659	   0.000	 2.93e-01
 8.5	iso	r	  3.331	0.014	  3.331	  2.412	3.654	 -1.280	 -0.813	 1.118	 1.137	 2.120	     5.48	 0.0644	   0.000	 2.95e-01
 8.5	iso	r	  3.331	0.014	  3.331	  2.424	3.653	 -1.309	 -0.836	 1.129	 1.143	 2.104	     5.36	 0.0636	   0.000	 2.96e-01
 8.5	iso	r	  3.331	0.014	  3.331	  2.447	3.652	 -1.367	 -0.885	 1.146	 1.152	 2.073	     5.15	 0.0622	   0.000	 2.99e-01
 8.5	iso	r	  3.331	0.014	  3.331	  2.470	3.650	 -1.425	 -0.933	 1.163	 1.162	 2.042	     4.95	 0.0608	   0.000	 3.02e-01
 8.5	iso	r	  3.331	0.014	  3.331	  2.481	3.648	 -1.453	 -0.954	 1.175	 1.168	 2.027	     4.84	 0.0601	   0.000	 3.03e-01
 8.5	iso	r	  3.331	0.014	  3.331	  2.492	3.647	 -1.480	 -0.974	 1.187	 1.173	 2.011	     4.74	 0.0594	   0.000	 3.05e-01
 8.5	iso	r	  3.332	0.014	  3.331	  2.503	3.646	 -1.508	 -0.995	 1.199	 1.179	 1.995	     4.65	 0.0588	   0.000	 3.06e-01
 8.5	iso	r	  3.332	0.014	  3.331	  2.515	3.645	 -1.536	 -1.016	 1.210	 1.185	 1.979	     4.55	 0.0581	   0.000	 3.07e-01
 8.5	iso	r	  3.332	0.014	  3.332	  2.538	3.643	 -1.595	 -1.063	 1.228	 1.194	 1.948	     4.39	 0.0571	   0.000	 3.10e-01
 8.5	iso	r	  3.332	0.014	  3.332	  2.561	3.642	 -1.654	 -1.112	 1.245	 1.202	 1.918	     4.24	 0.0561	   0.000	 3.12e-01
 8.5	iso	r	  3.332	0.014	  3.332	  2.585	3.640	 -1.712	 -1.161	 1.262	 1.211	 1.888	     4.08	 0.0550	   0.000	 3.14e-01
 8.5	iso	r	  3.333	0.014	  3.332	  2.608	3.638	 -1.771	 -1.207	 1.281	 1.220	 1.857	     3.92	 0.0539	   0.000	 3.16e-01
 8.5	iso	r	  3.333	0.014	  3.332	  2.620	3.637	 -1.799	 -1.229	 1.291	 1.226	 1.842	     3.85	 0.0534	   0.000	 3.17e-01
 8.5	iso	r	  3.333	0.014	  3.333	  2.642	3.635	 -1.855	 -1.274	 1.310	 1.235	 1.812	     3.71	 0.0523	   0.000	 3.18e-01
 8.5	iso	r	  3.333	0.014	  3.333	  2.664	3.633	 -1.911	 -1.320	 1.326	 1.243	 1.783	     3.58	 0.0513	   0.000	 3.20e-01
 8.5	iso	r	  3.334	0.014	  3.333	  2.683	3.632	 -1.958	 -1.356	 1.343	 1.252	 1.758	     3.48	 0.0506	   0.000	 3.20e-01
 8.5	iso	r	  3.334	0.014	  3.333	  2.683	3.632	 -1.957	 -1.357	 1.342	 1.251	 1.758	     3.48	 0.0506	   0.000	 3.21e-01
 8.5	iso	r	  3.334	0.014	  3.334	  2.666	3.634	 -1.916	 -1.326	 1.325	 1.242	 1.782	     3.58	 0.0513	   0.000	 3.21e-01
 8.5	iso	r	  3.335	0.014	  3.334	  2.648	3.635	 -1.871	 -1.288	 1.312	 1.236	 1.805	     3.69	 0.0521	   0.000	 3.21e-01
 8.5	iso	r	  3.336	0.014	  3.335	  2.630	3.636	 -1.826	 -1.251	 1.300	 1.230	 1.828	     3.79	 0.0529	   0.000	 3.21e-01
 8.5	iso	r	  3.338	0.014	  3.336	  2.605	3.638	 -1.762	 -1.198	 1.281	 1.220	 1.861	     3.95	 0.0541	   0.000	 3.21e-01
 8.5	iso	r	  3.340	0.014	  3.338	  2.591	3.639	 -1.728	 -1.172	 1.269	 1.215	 1.880	     4.04	 0.0548	   0.000	 3.21e-01
 8.5	iso	r	  3.342	0.014	  3.340	  2.578	3.640	 -1.694	 -1.146	 1.256	 1.208	 1.899	     4.14	 0.0555	   0.000	 3.21e-01
 8.5	iso	r	  3.344	0.014	  3.341	  2.564	3.642	 -1.659	 -1.120	 1.241	 1.201	 1.919	     4.25	 0.0563	   0.000	 3.21e-01
 8.5	iso	r	  3.346	0.014	  3.343	  2.550	3.643	 -1.625	 -1.094	 1.227	 1.194	 1.938	     4.36	 0.0571	   0.000	 3.21e-01
 8.5	iso	r	  3.348	0.014	  3.344	  2.537	3.645	 -1.592	 -1.069	 1.214	 1.187	 1.957	     4.47	 0.0578	   0.000	 3.21e-01
 8.5	iso	r	  3.350	0.014	  3.346	  2.523	3.646	 -1.557	 -1.042	 1.201	 1.180	 1.976	     4.58	 0.0586	   0.000	 3.21e-01
 8.5	iso	r	  3.352	0.014	  3.347	  2.509	3.647	 -1.522	 -1.016	 1.187	 1.174	 1.996	     4.70	 0.0595	   0.000	 3.21e-01
 8.5	iso	r	  3.354	0.014	  3.349	  2.492	3.649	 -1.480	 -0.983	 1.170	 1.165	 2.020	     4.85	 0.0605	   0.000	 3.21e-01
 8.5	iso	r	  3.355	0.014	  3.350	  2.481	3.650	 -1.452	 -0.962	 1.159	 1.160	 2.036	     4.94	 0.0611	   0.000	 3.21e-01
 8.5	iso	r	  3.355	0.014	  3.351	  2.470	3.651	 -1.424	 -0.940	 1.149	 1.154	 2.051	     5.04	 0.0618	   0.000	 3.21e-01
 8.5	iso	r	  3.356	0.014	  3.351	  2.457	3.652	 -1.394	 -0.915	 1.140	 1.149	 2.068	     5.16	 0.0625	   0.000	 3.21e-01
 8.5	iso	r	  3.357	0.014	  3.352	  2.445	3.653	 -1.363	 -0.889	 1.130	 1.144	 2.084	     5.27	 0.0633	   0.000	 3.21e-01
 8.5	iso	r	  3.359	0.014	  3.354	  2.422	3.655	 -1.304	 -0.840	 1.112	 1.134	 2.116	     5.50	 0.0648	   0.000	 3.21e-01
 8.5	iso	r	  3.361	0.014	  3.356	  2.399	3.657	 -1.248	 -0.794	 1.094	 1.124	 2.147	     5.74	 0.0662	   0.000	 3.21e-01
 8.5	iso	r	  3.362	0.014	  3.357	  2.389	3.658	 -1.223	 -0.774	 1.084	 1.119	 2.161	     5.86	 0.0670	   0.000	 3.21e-01
 8.5	iso	r	  3.363	0.014	  3.357	  2.379	3.659	 -1.197	 -0.754	 1.075	 1.114	 2.175	     5.98	 0.0678	   0.000	 3.21e-01
 8.5	iso	r	  3.365	0.014	  3.359	  2.360	3.661	 -1.150	 -0.716	 1.057	 1.104	 2.203	     6.23	 0.0694	   0.000	 3.21e-01
 8.5	iso	r	  3.367	0.014	  3.361	  2.342	3.663	 -1.104	 -0.680	 1.039	 1.094	 2.229	     6.47	 0.0710	   0.000	 3.21e-01
 8.5	iso	r	  3.369	0.014	  3.363	  2.325	3.665	 -1.062	 -0.647	 1.023	 1.085	 2.253	     6.73	 0.0727	   0.000	 3.21e-01
 8.5	iso	r	  3.371	0.014	  3.364	  2.310	3.667	 -1.025	 -0.618	 1.007	 1.077	 2.275	     6.99	 0.0745	   0.000	 3.21e-01
 8.5	iso	r	  3.373	0.014	  3.366	  2.297	3.668	 -0.994	 -0.595	 0.992	 1.068	 2.294	     7.25	 0.0763	   0.000	 3.21e-01
 8.5	iso	r	  3.375	0.014	  3.368	  2.287	3.670	 -0.967	 -0.576	 0.978	 1.061	 2.311	     7.50	 0.0781	   0.000	 3.21e-01
 8.5	iso	r	  3.376	0.014	  3.370	  2.278	3.671	 -0.946	 -0.562	 0.965	 1.054	 2.326	     7.75	 0.0799	   0.000	 3.21e-01
 8.5	iso	r	  3.378	0.014	  3.371	  2.271	3.673	 -0.928	 -0.551	 0.952	 1.046	 2.339	     8.00	 0.0818	   0.000	 3.21e-01
 8.5	iso	r	  3.380	0.014	  3.373	  2.265	3.674	 -0.913	 -0.543	 0.940	 1.040	 2.350	     8.25	 0.0837	   0.000	 3.21e-01
 8.5	iso	r	  3.384	0.014	  3.377	  2.259	3.676	 -0.896	 -0.536	 0.917	 1.030	 2.365	     8.66	 0.0873	   0.000	 3.21e-01
 8.5	iso	r	  3.388	0.014	  3.380	  2.256	3.678	 -0.890	 -0.538	 0.894	 1.020	 2.376	     9.07	 0.0911	   0.000	 3.21e-01
 8.5	iso	r	  3.392	0.014	  3.384	  2.257	3.680	 -0.892	 -0.547	 0.876	 1.012	 2.382	     9.45	 0.0945	   0.000	 3.21e-01
 8.5	iso	r	  3.396	0.014	  3.387	  2.262	3.681	 -0.904	 -0.567	 0.854	 1.003	 2.386	     9.84	 0.0987	   0.000	 3.21e-01
 8.5	iso	r	  3.397	0.014	  3.389	  2.266	3.682	 -0.914	 -0.582	 0.842	 0.998	 2.386	    10.11	 0.1015	   0.000	 3.21e-01
 8.5	iso	r	  3.399	0.014	  3.391	  2.271	3.684	 -0.927	 -0.600	 0.829	 0.992	 2.386	    10.43	 0.1049	   0.000	 3.21e-01
 8.5	iso	r	  3.403	0.014	  3.395	  2.282	3.686	 -0.955	 -0.638	 0.806	 0.983	 2.383	    11.00	 0.1118	   0.000	 3.21e-01
 8.5	iso	r	  3.405	0.014	  3.396	  2.290	3.686	 -0.975	 -0.662	 0.794	 0.978	 2.379	    11.46	 0.1172	   0.000	 3.21e-01
 8.5	iso	r	  3.409	0.014	  3.400	  2.304	3.688	 -1.010	 -0.705	 0.774	 0.969	 2.373	    12.39	 0.1279	   0.000	 3.21e-01
 8.5	iso	r	  3.411	0.014	  3.402	  2.312	3.689	 -1.031	 -0.731	 0.762	 0.964	 2.369	    12.83	 0.1336	   0.000	 3.21e-01
 8.5	iso	r	  3.413	0.014	  3.403	  2.321	3.691	 -1.052	 -0.758	 0.745	 0.956	 2.367	    13.23	 0.1384	   0.000	 3.21e-01
 8.5	iso	r	  3.416	0.014	  3.407	  2.335	3.693	 -1.087	 -0.802	 0.722	 0.947	 2.361	    13.74	 0.1442	   0.000	 3.21e-01
 8.5	iso	r	  3.424	0.014	  3.414	  2.354	3.694	 -1.136	 -0.860	 0.700	 0.937	 2.350	    15.36	 0.1639	   0.000	 3.21e-01
 8.5	iso	r	  3.432	0.014	  3.420	  2.368	3.693	 -1.171	 -0.888	 0.720	 0.946	 2.330	    15.45	 0.1673	   0.000	 3.21e-01
 8.5	iso	r	  3.439	0.014	  3.427	  2.386	3.692	 -1.214	 -0.929	 0.725	 0.948	 2.312	    15.69	 0.1726	   0.000	 3.21e-01
 8.5	iso	r	  3.443	0.014	  3.430	  2.389	3.691	 -1.222	 -0.930	 0.743	 0.956	 2.303	    15.22	 0.1677	   0.000	 3.21e-01
 8.5	iso	r	  3.445	0.014	  3.431	  2.390	3.690	 -1.226	 -0.930	 0.752	 0.960	 2.299	    15.01	 0.1657	   0.000	 3.21e-01
 8.5	iso	r	  3.447	0.014	  3.433	  2.390	3.689	 -1.224	 -0.921	 0.770	 0.967	 2.293	    14.08	 0.1552	   0.000	 3.21e-01
 8.5	iso	r	  3.449	0.014	  3.435	  2.388	3.687	 -1.220	 -0.910	 0.789	 0.975	 2.288	    13.16	 0.1446	   0.000	 3.21e-01
 8.5	iso	r	  3.451	0.014	  3.436	  2.387	3.685	 -1.217	 -0.898	 0.809	 0.984	 2.283	    12.56	 0.1377	   0.000	 3.21e-01
 8.5	iso	r	  3.452	0.014	  3.437	  2.384	3.684	 -1.211	 -0.886	 0.824	 0.990	 2.280	    12.02	 0.1311	   0.000	 3.21e-01
 8.5	iso	r	  3.454	0.014	  3.439	  2.383	3.683	 -1.208	 -0.877	 0.840	 0.997	 2.276	    11.51	 0.1251	   0.000	 3.21e-01
 8.5	iso	r	  3.457	0.014	  3.442	  2.384	3.681	 -1.210	 -0.872	 0.860	 1.006	 2.268	    10.92	 0.1181	   0.000	 3.21e-01
 8.5	iso	r	  3.458	0.014	  3.443	  2.382	3.680	 -1.205	 -0.861	 0.874	 1.012	 2.266	    10.51	 0.1133	   0.000	 3.21e-01
 8.5	iso	r	  3.459	0.014	  3.443	  2.380	3.679	 -1.201	 -0.852	 0.886	 1.017	 2.263	    10.16	 0.1090	   0.000	 3.21e-01
 8.5	iso	r	  3.461	0.014	  3.445	  2.378	3.677	 -1.196	 -0.838	 0.909	 1.026	 2.257	     9.66	 0.1030	   0.000	 3.21e-01
 8.5	iso	r	  3.465	0.014	  3.448	  2.382	3.676	 -1.204	 -0.841	 0.923	 1.033	 2.249	     9.45	 0.1006	   0.000	 3.21e-01
 8.5	iso	r	  3.473	0.014	  3.456	  2.392	3.674	 -1.231	 -0.863	 0.934	 1.038	 2.236	     9.27	 0.0993	   0.000	 3.21e-01
 8.5	iso	r	  3.488	0.014	  3.470	  2.414	3.673	 -1.286	 -0.910	 0.951	 1.046	 2.209	     9.12	 0.0985	   0.000	 3.21e-01
 8.5	iso	r	  3.503	0.014	  3.484	  2.438	3.671	 -1.344	 -0.959	 0.968	 1.055	 2.180	     8.89	 0.0974	   0.000	 3.21e-01
 8.5	iso	r	  3.511	0.014	  3.491	  2.450	3.670	 -1.374	 -0.983	 0.978	 1.060	 2.165	     8.79	 0.0970	   0.000	 3.20e-01
 8.5	iso	r	  3.526	0.014	  3.505	  2.474	3.668	 -1.434	 -1.034	 0.995	 1.070	 2.135	     8.54	 0.0957	   0.000	 3.20e-01
 8.5	iso	r	  3.534	0.014	  3.512	  2.486	3.667	 -1.465	 -1.058	 1.007	 1.077	 2.118	     8.37	 0.0945	   0.000	 3.20e-01
 8.5	iso	r	  3.541	0.014	  3.519	  2.499	3.665	 -1.497	 -1.082	 1.023	 1.085	 2.099	     8.09	 0.0923	   0.000	 3.20e-01
 8.5	iso	r	  3.545	0.014	  3.522	  2.506	3.664	 -1.515	 -1.094	 1.034	 1.091	 2.087	     7.88	 0.0904	   0.000	 3.20e-01
 8.5	iso	r	  3.549	0.014	  3.526	  2.514	3.662	 -1.535	 -1.106	 1.048	 1.099	 2.074	     7.56	 0.0878	   0.000	 3.20e-01
 8.5	iso	r	  3.553	0.014	  3.529	  2.522	3.661	 -1.556	 -1.120	 1.061	 1.106	 2.060	     7.27	 0.0852	   0.000	 3.20e-01
 8.5	iso	r	  3.557	0.014	  3.532	  2.533	3.659	 -1.583	 -1.138	 1.077	 1.115	 2.042	     6.93	 0.0823	   0.000	 3.20e-01
 8.5	iso	r	  3.559	0.014	  3.534	  2.540	3.658	 -1.599	 -1.149	 1.087	 1.120	 2.032	     6.73	 0.0806	   0.000	 3.20e-01
 8.5	iso	r	  3.560	0.014	  3.536	  2.546	3.657	 -1.615	 -1.160	 1.097	 1.126	 2.021	     6.54	 0.0789	   0.000	 3.20e-01
 8.5	iso	r	  3.561	0.014	  3.536	  2.558	3.655	 -1.644	 -1.181	 1.110	 1.133	 2.004	     6.32	 0.0772	   0.000	 3.20e-01
 8.5	iso	r	  3.561	0.014	  3.537	  2.570	3.654	 -1.676	 -1.205	 1.125	 1.141	 1.985	     6.09	 0.0753	   0.000	 3.20e-01
 8.5	iso	r	  3.562	0.014	  3.537	  2.583	3.652	 -1.708	 -1.229	 1.140	 1.149	 1.966	     5.86	 0.0735	   0.000	 3.20e-01
 8.5	iso	r	  3.562	0.014	  3.537	  2.596	3.651	 -1.739	 -1.253	 1.154	 1.157	 1.947	     5.63	 0.0716	   0.000	 3.20e-01
 8.5	iso	r	  3.563	0.014	  3.538	  2.608	3.649	 -1.771	 -1.275	 1.169	 1.165	 1.928	     5.40	 0.0698	   0.000	 3.20e-01
 8.5	iso	r	  3.563	0.014	  3.538	  2.615	3.648	 -1.787	 -1.286	 1.177	 1.169	 1.918	     5.28	 0.0689	   0.000	 3.20e-01
 8.5	iso	r	  3.563	0.014	  3.538	  2.620	3.648	 -1.801	 -1.296	 1.184	 1.172	 1.910	     5.20	 0.0682	   0.000	 3.20e-01
 8.5	iso	r	  3.563	0.014	  3.538	  2.637	3.646	 -1.843	 -1.327	 1.202	 1.181	 1.886	     5.01	 0.0667	   0.000	 3.20e-01
 8.5	iso	r	  3.563	0.014	  3.538	  2.654	3.644	 -1.885	 -1.358	 1.221	 1.190	 1.862	     4.82	 0.0652	   0.000	 3.20e-01
 8.5	iso	r	  3.564	0.014	  3.538	  2.667	3.642	 -1.918	 -1.382	 1.236	 1.198	 1.842	     4.66	 0.0636	   0.000	 3.20e-01
 8.5	iso	r	  3.564	0.014	  3.539	  2.679	3.641	 -1.948	 -1.404	 1.250	 1.205	 1.825	     4.49	 0.0616	   0.000	 3.20e-01
 8.5	iso	r	  3.564	0.014	  3.539	  2.685	3.640	 -1.964	 -1.414	 1.258	 1.209	 1.816	     4.40	 0.0606	   0.000	 3.20e-01
 8.5	iso	r	  3.565	0.014	  3.539	  2.704	3.638	 -2.010	 -1.450	 1.275	 1.218	 1.790	     4.26	 0.0593	   0.000	 3.20e-01
 8.5	iso	r	  3.566	0.014	  3.540	  2.719	3.637	 -2.047	 -1.477	 1.291	 1.226	 1.769	     4.17	 0.0585	   0.000	 3.20e-01

