#
#   VizieR Astronomical Server vizier.cds.unistra.fr
#    Date: 2024-11-14T21:37:39 [V7.4.1]
#   In case of problem, please report to:	cds-question@unistra.fr
#
#
#Coosys	J2000:	eq_FK5 J2000
#INFO	service_protocol=ASU	  IVOID of the protocol through which the data was retrieved
#INFO	request_date=2024-11-14T21:37:39	  Query execution date
#INFO	request=https://vizier.cds.unistra.fr/viz-bin/asu-tsv?-oc.form=dec&-out.max=unlimited&-out.add=_r&-out.add=_RAJ,_DEJ&-sort=_r&-source=J/A+A/537/A146/iso&-order=I&-out=logAge&logAge=7.5&-out=iso&iso=iso&-out=Rot&Rot=r&-out=Mini&-out=Zini&Zini=0.014&-out=Mass&-out=logL&-out=logTe&-out=Mbol&-out=Vmag&-out=U-B&-out=B-V&-out=logg&-out=Veq&-out=OOc&-out=logdM/dtm&-out=He4&	  Full request URL (POST)
#INFO	contact=cds-question@unistra.fr	  Email or URL to contact publisher
#INFO	server_software=7.4.1	  Software version
#INFO	publisher=CDS	  Data centre that produced the VOTable

#RESOURCE=yCat_35370146
#Name: J/A+A/537/A146
#Title: Stellar models with rotation. 0.8<M<120, Z=0.014 (Ekstrom+, 2012)
#INFO	ivoid=ivo://cds.vizier/j/a+a/537/a146	    IVOID of underlying data collection
#INFO	creator=Ekstrom S.	    First author or institution
#INFO	cites=bibcode:2012A&A...537A.146E	    Article or Data origin sources
#INFO	editor=Astronomy and Astrophysics	    Editor name (article)
#INFO	original_date=2012	    Year of the article publication
#INFO	reference_url=https://cdsarc.cds.unistra.fr/viz-bin/cat/J/A+A/537/A146	    Dataset landing page
#INFO	citation=doi:10.26093/cds/vizier.35370146	    Dataset identifier that can be used for citation
#INFO	publication_date=2012-04-03	    Date of first publication in the data centre
#INFO	rights_uri=https://cds.unistra.fr/vizier-org/licences_vizier.html	    Licence URI
#Table	J_A_A_537_A146_iso:
#Name: J/A+A/537/A146/iso
#Title: Isochrnones
#Column	logAge	(F4.1)	Initial age	[ucd=time.age]
#Column	iso	(A3)	Isochrone for this age	[ucd=meta.ref.url]
#Column	Rot	(A1)	[nr] r for rotation, n for no rotation	[ucd=meta.code]
#Column	Mini	(F7.3)	Initial mass	[ucd=phys.mass]
#Column	Zini	(F5.3)	[0.014] Initial metallicity	[ucd=phys.abund.Z]
#Column	Mass	(F7.3)	Actual mass at the age of the isochrone	[ucd=phys.mass]
#Column	logL	(F7.3)	Luminosity in log scale	[ucd=phys.luminosity]
#Column	logTe	(F5.3)	Effective temperature in log scale	[ucd=phys.temperature.effective;instr.scale]
#Column	Mbol	(F7.3)	Bolometric magnitude	[ucd=phys.magAbs.bol]
#Column	Vmag	(F7.3)	V-band absolute magnitude	[ucd=phot.mag;em.opt.V]
#Column	U-B	(F6.3)	U-B colour index	[ucd=phot.color;em.opt.U;em.opt.B]
#Column	B-V	(F6.3)	B-V colour index	[ucd=phot.color;em.opt.B;em.opt.V]
#Column	logg	(F6.3)	Polar effective surface gravity in log scale	[ucd=instr.scale]
#Column	Veq	(F9.2)	Equatorial velocity	[ucd=phys.veloc;pos.eq]
#Column	OOc	(F7.4)	Actual {Omega}_surf_/{Omega}_crit_	[ucd=stat.fit.param]
#Column	logdM/dtm	(F8.3)	Mechanical mass loss in log scale	[ucd=phys.mass.loss]
#Column	He4	(E9.2)	4He surface abundance (mass fraction)	[ucd=phys.abund]
logAge	iso	Rot	Mini	Zini	Mass	logL	logTe	Mbol	Vmag	U-B	B-V	logg	Veq	OOc	logdM/dtm	He4
[yr]	 	 	Msun	 	Msun	[Lsun]	[K]	mag	mag	mag	mag	[cm/s2]	km/s	 	[Msun/yr]	
----	---	-	-------	-----	-------	-------	-----	-------	-------	------	------	------	---------	-------	--------	---------
 7.5	iso	r	  0.800	0.014	  0.800	 -0.591	3.688	  6.228	  6.615	 0.489	 0.954	 4.638	     7.87	 0.0000	   0.000	 2.66e-01
 7.5	iso	r	  0.804	0.014	  0.804	 -0.582	3.690	  6.205	  6.587	 0.482	 0.946	 4.637	     8.37	 0.0000	   0.000	 2.66e-01
 7.5	iso	r	  0.807	0.014	  0.807	 -0.573	3.691	  6.182	  6.559	 0.474	 0.939	 4.635	     8.87	 0.0000	   0.000	 2.66e-01
 7.5	iso	r	  0.811	0.014	  0.811	 -0.563	3.693	  6.158	  6.530	 0.467	 0.932	 4.633	     9.37	 0.0000	   0.000	 2.66e-01
 7.5	iso	r	  0.815	0.014	  0.815	 -0.554	3.694	  6.135	  6.502	 0.460	 0.925	 4.632	     9.86	 0.0000	   0.000	 2.66e-01
 7.5	iso	r	  0.819	0.014	  0.819	 -0.545	3.695	  6.112	  6.474	 0.453	 0.918	 4.630	    10.36	 0.0000	   0.000	 2.66e-01
 7.5	iso	r	  0.822	0.014	  0.822	 -0.536	3.697	  6.089	  6.447	 0.446	 0.911	 4.629	    10.85	 0.0000	   0.000	 2.66e-01
 7.5	iso	r	  0.826	0.014	  0.826	 -0.526	3.698	  6.066	  6.419	 0.439	 0.904	 4.627	    11.34	 0.0000	   0.000	 2.66e-01
 7.5	iso	r	  0.830	0.014	  0.830	 -0.517	3.700	  6.043	  6.391	 0.432	 0.897	 4.626	    11.82	 0.0000	   0.000	 2.66e-01
 7.5	iso	r	  0.834	0.014	  0.834	 -0.508	3.701	  6.020	  6.364	 0.425	 0.890	 4.624	    12.31	 0.0000	   0.000	 2.66e-01
 7.5	iso	r	  0.837	0.014	  0.837	 -0.499	3.702	  5.998	  6.337	 0.418	 0.884	 4.622	    12.79	 0.0000	   0.000	 2.66e-01
 7.5	iso	r	  0.841	0.014	  0.841	 -0.490	3.704	  5.975	  6.309	 0.411	 0.877	 4.621	    13.27	 0.0000	   0.000	 2.66e-01
 7.5	iso	r	  0.845	0.014	  0.845	 -0.481	3.705	  5.953	  6.282	 0.404	 0.871	 4.619	    13.75	 0.0000	   0.000	 2.66e-01
 7.5	iso	r	  0.848	0.014	  0.848	 -0.472	3.706	  5.931	  6.255	 0.398	 0.864	 4.618	    14.22	 0.0000	   0.000	 2.66e-01
 7.5	iso	r	  0.852	0.014	  0.852	 -0.463	3.708	  5.909	  6.228	 0.391	 0.858	 4.616	    14.70	 0.0000	   0.000	 2.66e-01
 7.5	iso	r	  0.856	0.014	  0.856	 -0.455	3.709	  5.886	  6.202	 0.384	 0.851	 4.615	    15.17	 0.0000	   0.000	 2.66e-01
 7.5	iso	r	  0.860	0.014	  0.860	 -0.446	3.711	  5.864	  6.175	 0.377	 0.845	 4.613	    15.64	 0.0000	   0.000	 2.66e-01
 7.5	iso	r	  0.863	0.014	  0.863	 -0.437	3.712	  5.843	  6.149	 0.370	 0.838	 4.612	    16.10	 0.0000	   0.000	 2.66e-01
 7.5	iso	r	  0.867	0.014	  0.867	 -0.428	3.713	  5.821	  6.122	 0.364	 0.832	 4.610	    16.57	 0.0000	   0.000	 2.66e-01
 7.5	iso	r	  0.871	0.014	  0.871	 -0.420	3.715	  5.799	  6.096	 0.357	 0.826	 4.609	    17.03	 0.0000	   0.000	 2.66e-01
 7.5	iso	r	  0.874	0.014	  0.874	 -0.411	3.716	  5.778	  6.070	 0.350	 0.820	 4.607	    17.49	 0.0000	   0.000	 2.66e-01
 7.5	iso	r	  0.878	0.014	  0.878	 -0.402	3.717	  5.756	  6.044	 0.344	 0.813	 4.606	    17.95	 0.0000	   0.000	 2.66e-01
 7.5	iso	r	  0.882	0.014	  0.882	 -0.394	3.718	  5.734	  6.018	 0.337	 0.807	 4.604	    18.41	 0.0000	   0.000	 2.66e-01
 7.5	iso	r	  0.886	0.014	  0.886	 -0.385	3.720	  5.713	  5.992	 0.331	 0.801	 4.603	    18.87	 0.0000	   0.000	 2.66e-01
 7.5	iso	r	  0.889	0.014	  0.889	 -0.377	3.721	  5.692	  5.966	 0.324	 0.794	 4.601	    19.32	 0.0000	   0.000	 2.66e-01
 7.5	iso	r	  0.893	0.014	  0.893	 -0.368	3.722	  5.671	  5.941	 0.318	 0.788	 4.600	    19.77	 0.0000	   0.000	 2.66e-01
 7.5	iso	r	  0.897	0.014	  0.897	 -0.360	3.724	  5.650	  5.915	 0.311	 0.781	 4.598	    20.22	 0.0000	   0.000	 2.66e-01
 7.5	iso	r	  0.901	0.014	  0.901	 -0.352	3.725	  5.629	  5.890	 0.305	 0.775	 4.597	    20.78	 0.0000	   0.000	 2.66e-01
 7.5	iso	r	  0.904	0.014	  0.904	 -0.343	3.726	  5.608	  5.865	 0.299	 0.769	 4.595	    21.93	 0.0000	   0.000	 2.66e-01
 7.5	iso	r	  0.908	0.014	  0.908	 -0.335	3.727	  5.587	  5.840	 0.294	 0.764	 4.593	    23.08	 0.0000	   0.000	 2.66e-01
 7.5	iso	r	  0.912	0.014	  0.912	 -0.326	3.728	  5.566	  5.815	 0.288	 0.758	 4.591	    24.22	 0.0000	   0.000	 2.66e-01
 7.5	iso	r	  0.915	0.014	  0.915	 -0.318	3.730	  5.545	  5.791	 0.282	 0.752	 4.589	    25.36	 0.0000	   0.000	 2.66e-01
 7.5	iso	r	  0.919	0.014	  0.919	 -0.310	3.731	  5.524	  5.766	 0.276	 0.746	 4.587	    26.49	 0.0000	   0.000	 2.66e-01
 7.5	iso	r	  0.923	0.014	  0.923	 -0.302	3.732	  5.504	  5.742	 0.271	 0.741	 4.585	    27.62	 0.0000	   0.000	 2.66e-01
 7.5	iso	r	  0.927	0.014	  0.927	 -0.293	3.733	  5.483	  5.717	 0.265	 0.735	 4.583	    28.74	 0.0000	   0.000	 2.66e-01
 7.5	iso	r	  0.930	0.014	  0.930	 -0.285	3.734	  5.463	  5.693	 0.260	 0.730	 4.581	    29.86	 0.0000	   0.000	 2.66e-01
 7.5	iso	r	  0.934	0.014	  0.934	 -0.277	3.735	  5.442	  5.669	 0.254	 0.724	 4.579	    30.98	 0.0000	   0.000	 2.66e-01
 7.5	iso	r	  0.938	0.014	  0.938	 -0.269	3.736	  5.422	  5.645	 0.248	 0.718	 4.577	    32.09	 0.0000	   0.000	 2.66e-01
 7.5	iso	r	  0.942	0.014	  0.942	 -0.261	3.737	  5.402	  5.621	 0.243	 0.713	 4.575	    33.19	 0.0000	   0.000	 2.66e-01
 7.5	iso	r	  0.945	0.014	  0.945	 -0.253	3.738	  5.382	  5.597	 0.237	 0.707	 4.573	    34.30	 0.0000	   0.000	 2.66e-01
 7.5	iso	r	  0.949	0.014	  0.949	 -0.245	3.740	  5.362	  5.573	 0.232	 0.702	 4.571	    35.39	 0.0000	   0.000	 2.66e-01
 7.5	iso	r	  0.956	0.014	  0.956	 -0.229	3.742	  5.322	  5.526	 0.221	 0.693	 4.568	    37.58	 0.0000	   0.000	 2.66e-01
 7.5	iso	r	  0.964	0.014	  0.964	 -0.213	3.744	  5.282	  5.479	 0.210	 0.684	 4.564	    39.74	 0.0000	   0.000	 2.66e-01
 7.5	iso	r	  0.971	0.014	  0.971	 -0.197	3.746	  5.243	  5.432	 0.199	 0.676	 4.560	    41.89	 0.0000	   0.000	 2.66e-01
 7.5	iso	r	  0.979	0.014	  0.979	 -0.182	3.748	  5.204	  5.386	 0.189	 0.667	 4.556	    44.02	 0.0000	   0.000	 2.66e-01
 7.5	iso	r	  0.986	0.014	  0.986	 -0.166	3.750	  5.166	  5.340	 0.178	 0.659	 4.553	    46.14	 0.0000	   0.000	 2.66e-01
 7.5	iso	r	  0.994	0.014	  0.994	 -0.151	3.752	  5.127	  5.295	 0.168	 0.651	 4.549	    48.24	 0.0000	   0.000	 2.66e-01
 7.5	iso	r	  1.001	0.014	  1.001	 -0.136	3.755	  5.089	  5.249	 0.157	 0.642	 4.545	    50.00	 0.0000	   0.000	 2.66e-01
 7.5	iso	r	  1.009	0.014	  1.009	 -0.120	3.756	  5.050	  5.204	 0.148	 0.635	 4.540	    50.00	 0.0000	   0.000	 2.66e-01
 7.5	iso	r	  1.016	0.014	  1.016	 -0.105	3.758	  5.012	  5.160	 0.139	 0.628	 4.535	    50.00	 0.0000	   0.000	 2.66e-01
 7.5	iso	r	  1.023	0.014	  1.023	 -0.090	3.760	  4.974	  5.116	 0.130	 0.621	 4.531	    50.00	 0.0000	   0.000	 2.66e-01
 7.5	iso	r	  1.031	0.014	  1.031	 -0.074	3.762	  4.936	  5.071	 0.121	 0.614	 4.526	    50.00	 0.0000	   0.000	 2.66e-01
 7.5	iso	r	  1.038	0.014	  1.038	 -0.059	3.764	  4.899	  5.028	 0.112	 0.607	 4.521	    50.00	 0.0000	   0.000	 2.66e-01
 7.5	iso	r	  1.046	0.014	  1.046	 -0.044	3.765	  4.861	  4.984	 0.103	 0.600	 4.516	    49.83	 0.0000	   0.000	 2.66e-01
 7.5	iso	r	  1.053	0.014	  1.053	 -0.030	3.767	  4.824	  4.941	 0.094	 0.593	 4.512	    49.57	 0.0000	   0.000	 2.66e-01
 7.5	iso	r	  1.061	0.014	  1.061	 -0.015	3.769	  4.787	  4.898	 0.085	 0.586	 4.507	    49.31	 0.0000	   0.000	 2.66e-01
 7.5	iso	r	  1.068	0.014	  1.068	  0.000	3.771	  4.751	  4.856	 0.077	 0.579	 4.502	    49.05	 0.0000	   0.000	 2.66e-01
 7.5	iso	r	  1.076	0.014	  1.076	  0.014	3.772	  4.714	  4.813	 0.068	 0.572	 4.498	    48.78	 0.0000	   0.000	 2.66e-01
 7.5	iso	r	  1.083	0.014	  1.083	  0.029	3.774	  4.678	  4.771	 0.059	 0.565	 4.493	    48.51	 0.0000	   0.000	 2.66e-01
 7.5	iso	r	  1.091	0.014	  1.091	  0.043	3.776	  4.642	  4.730	 0.051	 0.558	 4.489	    48.24	 0.0000	   0.000	 2.66e-01
 7.5	iso	r	  1.098	0.014	  1.098	  0.057	3.778	  4.606	  4.688	 0.042	 0.552	 4.484	    47.96	 0.0000	   0.000	 2.66e-01
 7.5	iso	r	  1.105	0.014	  1.105	  0.070	3.779	  4.575	  4.653	 0.038	 0.546	 4.480	    49.69	 0.0000	   0.000	 2.66e-01
 7.5	iso	r	  1.120	0.014	  1.120	  0.094	3.782	  4.515	  4.587	 0.034	 0.537	 4.472	    54.56	 0.0000	   0.000	 2.66e-01
 7.5	iso	r	  1.135	0.014	  1.135	  0.118	3.784	  4.456	  4.522	 0.030	 0.527	 4.464	    59.34	 0.0000	   0.000	 2.66e-01
 7.5	iso	r	  1.150	0.014	  1.150	  0.141	3.787	  4.397	  4.457	 0.026	 0.518	 4.457	    64.02	 0.0000	   0.000	 2.66e-01
 7.5	iso	r	  1.165	0.014	  1.165	  0.164	3.789	  4.339	  4.394	 0.022	 0.509	 4.449	    68.60	 0.0000	   0.000	 2.66e-01
 7.5	iso	r	  1.180	0.014	  1.180	  0.187	3.792	  4.282	  4.331	 0.018	 0.500	 4.442	    73.09	 0.0000	   0.000	 2.66e-01
 7.5	iso	r	  1.195	0.014	  1.195	  0.210	3.794	  4.226	  4.270	 0.014	 0.491	 4.434	    77.49	 0.0000	   0.000	 2.66e-01
 7.5	iso	r	  1.210	0.014	  1.210	  0.232	3.796	  4.170	  4.208	 0.011	 0.482	 4.427	    81.79	 0.0000	   0.000	 2.66e-01
 7.5	iso	r	  1.225	0.014	  1.225	  0.254	3.799	  4.115	  4.148	 0.007	 0.473	 4.420	    86.00	 0.0000	   0.000	 2.66e-01
 7.5	iso	r	  1.240	0.014	  1.240	  0.276	3.801	  4.061	  4.088	 0.003	 0.465	 4.413	    90.12	 0.0000	   0.000	 2.66e-01
 7.5	iso	r	  1.254	0.014	  1.254	  0.298	3.804	  4.005	  4.026	-0.001	 0.455	 4.405	    89.55	 0.0000	   0.000	 2.66e-01
 7.5	iso	r	  1.262	0.014	  1.262	  0.311	3.805	  3.973	  3.992	-0.003	 0.450	 4.401	    83.95	 0.0000	   0.000	 2.66e-01
 7.5	iso	r	  1.269	0.014	  1.269	  0.323	3.806	  3.942	  3.957	-0.005	 0.445	 4.397	    78.49	 0.0000	   0.000	 2.66e-01
 7.5	iso	r	  1.277	0.014	  1.277	  0.336	3.808	  3.911	  3.923	-0.008	 0.439	 4.393	    73.16	 0.0000	   0.000	 2.66e-01
 7.5	iso	r	  1.284	0.014	  1.284	  0.348	3.809	  3.880	  3.889	-0.010	 0.434	 4.389	    67.96	 0.0000	   0.000	 2.66e-01
 7.5	iso	r	  1.292	0.014	  1.292	  0.360	3.811	  3.850	  3.855	-0.012	 0.429	 4.384	    62.90	 0.0000	   0.000	 2.66e-01
 7.5	iso	r	  1.299	0.014	  1.299	  0.372	3.812	  3.820	  3.822	-0.014	 0.424	 4.380	    57.97	 0.0000	   0.000	 2.66e-01
 7.5	iso	r	  1.314	0.014	  1.314	  0.396	3.815	  3.759	  3.757	-0.014	 0.414	 4.372	    48.50	 0.0000	   0.000	 2.66e-01
 7.5	iso	r	  1.329	0.014	  1.329	  0.420	3.818	  3.700	  3.694	-0.011	 0.406	 4.365	    39.55	 0.0000	   0.000	 2.66e-01
 7.5	iso	r	  1.344	0.014	  1.344	  0.444	3.820	  3.641	  3.632	-0.008	 0.397	 4.357	    31.12	 0.0000	   0.000	 2.66e-01
 7.5	iso	r	  1.359	0.014	  1.359	  0.466	3.823	  3.585	  3.572	-0.005	 0.388	 4.350	    33.37	 0.0000	   0.000	 2.66e-01
 7.5	iso	r	  1.374	0.014	  1.374	  0.488	3.826	  3.531	  3.515	-0.001	 0.380	 4.345	    42.51	 0.0000	   0.000	 2.66e-01
 7.5	iso	r	  1.389	0.014	  1.389	  0.509	3.829	  3.478	  3.458	 0.002	 0.371	 4.340	    51.20	 0.0000	   0.000	 2.66e-01
 7.5	iso	r	  1.403	0.014	  1.403	  0.530	3.832	  3.425	  3.402	 0.005	 0.362	 4.334	    59.43	 0.0000	   0.000	 2.66e-01
 7.5	iso	r	  1.418	0.014	  1.418	  0.551	3.834	  3.372	  3.346	 0.008	 0.353	 4.329	    67.21	 0.0000	   0.000	 2.66e-01
 7.5	iso	r	  1.433	0.014	  1.433	  0.572	3.837	  3.321	  3.290	 0.011	 0.344	 4.324	    74.56	 0.0000	   0.000	 2.66e-01
 7.5	iso	r	  1.448	0.014	  1.448	  0.592	3.840	  3.269	  3.236	 0.014	 0.336	 4.319	    81.48	 0.0000	   0.000	 2.66e-01
 7.5	iso	r	  1.463	0.014	  1.463	  0.612	3.843	  3.219	  3.182	 0.018	 0.327	 4.315	    87.97	 0.0000	   0.000	 2.66e-01
 7.5	iso	r	  1.478	0.014	  1.478	  0.633	3.846	  3.168	  3.128	 0.021	 0.319	 4.310	    94.04	 0.0000	   0.000	 2.66e-01
 7.5	iso	r	  1.493	0.014	  1.493	  0.652	3.848	  3.119	  3.079	 0.029	 0.312	 4.305	    99.69	 0.0000	   0.000	 2.66e-01
 7.5	iso	r	  1.508	0.014	  1.508	  0.672	3.852	  3.070	  3.030	 0.038	 0.305	 4.303	   104.75	 0.0253	   0.000	 2.66e-01
 7.5	iso	r	  1.523	0.014	  1.523	  0.691	3.855	  3.023	  2.983	 0.048	 0.296	 4.304	   109.54	 0.0736	   0.000	 2.66e-01
 7.5	iso	r	  1.538	0.014	  1.538	  0.710	3.859	  2.976	  2.936	 0.058	 0.287	 4.306	   114.36	 0.1214	   0.000	 2.66e-01
 7.5	iso	r	  1.552	0.014	  1.552	  0.728	3.863	  2.929	  2.889	 0.068	 0.278	 4.307	   119.20	 0.1688	   0.000	 2.66e-01
 7.5	iso	r	  1.567	0.014	  1.567	  0.747	3.866	  2.883	  2.843	 0.077	 0.270	 4.309	   124.07	 0.2156	   0.000	 2.66e-01
 7.5	iso	r	  1.582	0.014	  1.582	  0.765	3.870	  2.837	  2.797	 0.087	 0.261	 4.311	   128.95	 0.2619	   0.000	 2.66e-01
 7.5	iso	r	  1.597	0.014	  1.597	  0.783	3.874	  2.792	  2.752	 0.096	 0.253	 4.314	   133.86	 0.3078	   0.000	 2.66e-01
 7.5	iso	r	  1.612	0.014	  1.612	  0.801	3.877	  2.747	  2.709	 0.100	 0.244	 4.317	   138.78	 0.3532	   0.000	 2.66e-01
 7.5	iso	r	  1.627	0.014	  1.627	  0.819	3.881	  2.703	  2.667	 0.100	 0.236	 4.321	   143.73	 0.3982	   0.000	 2.66e-01
 7.5	iso	r	  1.642	0.014	  1.642	  0.836	3.884	  2.659	  2.626	 0.100	 0.227	 4.325	   148.69	 0.4427	   0.000	 2.66e-01
 7.5	iso	r	  1.657	0.014	  1.657	  0.854	3.888	  2.615	  2.584	 0.100	 0.218	 4.329	   153.67	 0.4868	   0.000	 2.66e-01
 7.5	iso	r	  1.672	0.014	  1.672	  0.871	3.891	  2.572	  2.544	 0.100	 0.210	 4.334	   158.67	 0.5304	   0.000	 2.66e-01
 7.5	iso	r	  1.687	0.014	  1.687	  0.888	3.895	  2.529	  2.503	 0.100	 0.201	 4.340	   163.69	 0.5736	   0.000	 2.66e-01
 7.5	iso	r	  1.701	0.014	  1.701	  0.905	3.898	  2.487	  2.464	 0.100	 0.193	 4.346	   168.25	 0.6122	   0.000	 2.66e-01
 7.5	iso	r	  1.716	0.014	  1.716	  0.921	3.901	  2.447	  2.426	 0.100	 0.184	 4.347	   168.42	 0.6111	   0.000	 2.66e-01
 7.5	iso	r	  1.731	0.014	  1.731	  0.937	3.905	  2.408	  2.390	 0.099	 0.176	 4.348	   168.58	 0.6100	   0.000	 2.66e-01
 7.5	iso	r	  1.746	0.014	  1.746	  0.953	3.908	  2.368	  2.356	 0.098	 0.168	 4.350	   168.73	 0.6089	   0.000	 2.66e-01
 7.5	iso	r	  1.761	0.014	  1.761	  0.968	3.911	  2.330	  2.322	 0.097	 0.161	 4.351	   168.87	 0.6077	   0.000	 2.66e-01
 7.5	iso	r	  1.776	0.014	  1.776	  0.984	3.915	  2.291	  2.289	 0.096	 0.153	 4.352	   169.00	 0.6066	   0.000	 2.66e-01
 7.5	iso	r	  1.791	0.014	  1.791	  0.999	3.918	  2.253	  2.256	 0.094	 0.146	 4.353	   169.12	 0.6054	   0.000	 2.66e-01
 7.5	iso	r	  1.806	0.014	  1.806	  1.014	3.921	  2.215	  2.223	 0.093	 0.138	 4.354	   169.22	 0.6042	   0.000	 2.66e-01
 7.5	iso	r	  1.821	0.014	  1.821	  1.029	3.924	  2.177	  2.190	 0.092	 0.131	 4.356	   169.31	 0.6030	   0.000	 2.66e-01
 7.5	iso	r	  1.836	0.014	  1.836	  1.044	3.928	  2.140	  2.158	 0.091	 0.123	 4.357	   169.40	 0.6018	   0.000	 2.66e-01
 7.5	iso	r	  1.850	0.014	  1.850	  1.059	3.931	  2.103	  2.128	 0.087	 0.115	 4.358	   169.47	 0.6006	   0.000	 2.66e-01
 7.5	iso	r	  1.865	0.014	  1.865	  1.074	3.934	  2.066	  2.100	 0.082	 0.106	 4.359	   169.53	 0.5993	   0.000	 2.66e-01
 7.5	iso	r	  1.880	0.014	  1.880	  1.088	3.937	  2.030	  2.072	 0.077	 0.098	 4.360	   169.58	 0.5980	   0.000	 2.66e-01
 7.5	iso	r	  1.895	0.014	  1.895	  1.102	3.940	  1.994	  2.045	 0.072	 0.089	 4.361	   169.62	 0.5968	   0.000	 2.66e-01
 7.5	iso	r	  1.910	0.014	  1.910	  1.117	3.943	  1.958	  2.017	 0.068	 0.081	 4.362	   169.65	 0.5955	   0.000	 2.66e-01
 7.5	iso	r	  1.925	0.014	  1.925	  1.131	3.946	  1.922	  1.990	 0.063	 0.072	 4.363	   169.66	 0.5942	   0.000	 2.66e-01
 7.5	iso	r	  1.940	0.014	  1.940	  1.145	3.949	  1.887	  1.963	 0.058	 0.064	 4.364	   169.67	 0.5928	   0.000	 2.66e-01
 7.5	iso	r	  1.955	0.014	  1.955	  1.159	3.952	  1.852	  1.937	 0.053	 0.056	 4.365	   169.67	 0.5915	   0.000	 2.66e-01
 7.5	iso	r	  1.970	0.014	  1.970	  1.173	3.955	  1.817	  1.910	 0.048	 0.048	 4.366	   169.65	 0.5902	   0.000	 2.66e-01
 7.5	iso	r	  1.985	0.014	  1.985	  1.187	3.958	  1.783	  1.884	 0.044	 0.042	 4.367	   169.62	 0.5888	   0.000	 2.66e-01
 7.5	iso	r	  1.999	0.014	  1.999	  1.201	3.961	  1.749	  1.858	 0.039	 0.036	 4.368	   169.59	 0.5874	   0.000	 2.66e-01
 7.5	iso	r	  2.014	0.014	  2.014	  1.214	3.963	  1.716	  1.834	 0.034	 0.030	 4.369	   169.24	 0.5853	   0.000	 2.66e-01
 7.5	iso	r	  2.029	0.014	  2.029	  1.226	3.966	  1.684	  1.809	 0.030	 0.025	 4.369	   168.87	 0.5833	   0.000	 2.66e-01
 7.5	iso	r	  2.044	0.014	  2.044	  1.239	3.968	  1.653	  1.784	 0.026	 0.020	 4.369	   168.50	 0.5812	   0.000	 2.66e-01
 7.5	iso	r	  2.059	0.014	  2.059	  1.252	3.971	  1.621	  1.760	 0.022	 0.015	 4.369	   168.13	 0.5791	   0.000	 2.66e-01
 7.5	iso	r	  2.074	0.014	  2.074	  1.264	3.973	  1.590	  1.736	 0.018	 0.010	 4.369	   167.76	 0.5771	   0.000	 2.66e-01
 7.5	iso	r	  2.104	0.014	  2.104	  1.289	3.978	  1.528	  1.688	 0.010	 0.000	 4.369	   167.01	 0.5730	   0.000	 2.66e-01
 7.5	iso	r	  2.134	0.014	  2.134	  1.313	3.983	  1.467	  1.646	-0.005	-0.006	 4.369	   166.83	 0.5706	   0.000	 2.66e-01
 7.5	iso	r	  2.163	0.014	  2.163	  1.337	3.987	  1.407	  1.605	-0.020	-0.013	 4.369	   166.69	 0.5683	   0.000	 2.66e-01
 7.5	iso	r	  2.193	0.014	  2.193	  1.361	3.992	  1.348	  1.564	-0.034	-0.019	 4.369	   166.52	 0.5661	   0.000	 2.66e-01
 7.5	iso	r	  2.223	0.014	  2.223	  1.384	3.996	  1.289	  1.524	-0.048	-0.025	 4.369	   166.34	 0.5639	   0.000	 2.66e-01
 7.5	iso	r	  2.253	0.014	  2.253	  1.408	4.001	  1.231	  1.484	-0.063	-0.031	 4.369	   166.14	 0.5616	   0.000	 2.66e-01
 7.5	iso	r	  2.312	0.014	  2.312	  1.453	4.009	  1.117	  1.413	-0.096	-0.040	 4.369	   165.66	 0.5571	   0.000	 2.66e-01
 7.5	iso	r	  2.372	0.014	  2.372	  1.498	4.018	  1.006	  1.342	-0.128	-0.050	 4.369	   165.10	 0.5525	   0.000	 2.66e-01
 7.5	iso	r	  2.432	0.014	  2.432	  1.541	4.026	  0.897	  1.274	-0.160	-0.058	 4.368	   164.45	 0.5478	   0.000	 2.66e-01
 7.5	iso	r	  2.491	0.014	  2.491	  1.584	4.034	  0.791	  1.206	-0.191	-0.067	 4.368	   163.70	 0.5431	   0.000	 2.66e-01
 7.5	iso	r	  2.551	0.014	  2.551	  1.624	4.041	  0.690	  1.140	-0.218	-0.075	 4.366	   163.19	 0.5395	   0.000	 2.66e-01
 7.5	iso	r	  2.610	0.014	  2.610	  1.663	4.048	  0.592	  1.080	-0.240	-0.081	 4.363	   162.83	 0.5364	   0.000	 2.66e-01
 7.5	iso	r	  2.670	0.014	  2.670	  1.701	4.054	  0.497	  1.020	-0.261	-0.087	 4.361	   162.64	 0.5337	   0.000	 2.66e-01
 7.5	iso	r	  2.730	0.014	  2.730	  1.739	4.061	  0.403	  0.962	-0.281	-0.093	 4.358	   162.41	 0.5310	   0.000	 2.66e-01
 7.5	iso	r	  2.789	0.014	  2.789	  1.775	4.067	  0.312	  0.905	-0.301	-0.099	 4.355	   162.13	 0.5282	   0.000	 2.66e-01
 7.5	iso	r	  2.849	0.014	  2.849	  1.811	4.073	  0.222	  0.849	-0.321	-0.104	 4.353	   161.81	 0.5254	   0.000	 2.66e-01
 7.5	iso	r	  2.968	0.014	  2.968	  1.882	4.085	  0.046	  0.742	-0.355	-0.113	 4.347	   161.17	 0.5203	   0.000	 2.66e-01
 7.5	iso	r	  3.087	0.014	  3.087	  1.948	4.096	 -0.120	  0.641	-0.383	-0.120	 4.341	   160.99	 0.5171	   0.000	 2.66e-01
 7.5	iso	r	  3.206	0.014	  3.206	  2.011	4.106	 -0.278	  0.545	-0.410	-0.126	 4.335	   160.85	 0.5143	   0.000	 2.66e-01
 7.5	iso	r	  3.326	0.014	  3.326	  2.072	4.116	 -0.431	  0.451	-0.434	-0.131	 4.329	   161.14	 0.5124	   0.000	 2.66e-01
 7.5	iso	r	  3.445	0.014	  3.445	  2.132	4.125	 -0.579	  0.361	-0.454	-0.137	 4.322	   161.42	 0.5108	   0.000	 2.66e-01
 7.5	iso	r	  3.564	0.014	  3.564	  2.189	4.134	 -0.723	  0.273	-0.474	-0.143	 4.315	   162.05	 0.5101	   0.000	 2.66e-01
 7.5	iso	r	  3.683	0.014	  3.683	  2.245	4.143	 -0.863	  0.187	-0.493	-0.148	 4.307	   162.68	 0.5098	   0.000	 2.66e-01
 7.5	iso	r	  3.802	0.014	  3.802	  2.300	4.151	 -0.999	  0.103	-0.514	-0.153	 4.300	   163.26	 0.5100	   0.000	 2.66e-01
 7.5	iso	r	  3.922	0.014	  3.922	  2.353	4.159	 -1.132	  0.021	-0.535	-0.159	 4.293	   164.21	 0.5106	   0.000	 2.66e-01
 7.5	iso	r	  4.041	0.014	  4.041	  2.404	4.167	 -1.260	 -0.058	-0.556	-0.164	 4.286	   165.11	 0.5110	   0.000	 2.66e-01
 7.5	iso	r	  4.160	0.014	  4.160	  2.452	4.174	 -1.381	 -0.132	-0.575	-0.169	 4.279	   165.37	 0.5109	   0.000	 2.66e-01
 7.5	iso	r	  4.279	0.014	  4.279	  2.500	4.181	 -1.500	 -0.208	-0.588	-0.172	 4.272	   166.12	 0.5111	   0.000	 2.66e-01
 7.5	iso	r	  4.398	0.014	  4.398	  2.547	4.188	 -1.617	 -0.282	-0.598	-0.174	 4.266	   166.67	 0.5114	   0.000	 2.66e-01
 7.5	iso	r	  4.518	0.014	  4.518	  2.592	4.195	 -1.731	 -0.355	-0.607	-0.177	 4.259	   166.82	 0.5117	   0.000	 2.66e-01
 7.5	iso	r	  4.637	0.014	  4.637	  2.637	4.202	 -1.844	 -0.428	-0.617	-0.179	 4.251	   167.63	 0.5123	   0.000	 2.66e-01
 7.5	iso	r	  4.756	0.014	  4.756	  2.682	4.208	 -1.954	 -0.500	-0.628	-0.182	 4.244	   168.43	 0.5129	   0.000	 2.66e-01
 7.5	iso	r	  4.875	0.014	  4.875	  2.725	4.214	 -2.062	 -0.573	-0.640	-0.184	 4.236	   168.63	 0.5136	   0.000	 2.66e-01
 7.5	iso	r	  4.994	0.014	  4.994	  2.768	4.220	 -2.169	 -0.645	-0.652	-0.186	 4.228	   168.97	 0.5144	   0.000	 2.66e-01
 7.5	iso	r	  5.114	0.014	  5.114	  2.808	4.226	 -2.270	 -0.714	-0.662	-0.188	 4.220	   169.80	 0.5157	   0.000	 2.66e-01
 7.5	iso	r	  5.233	0.014	  5.233	  2.848	4.231	 -2.370	 -0.784	-0.672	-0.190	 4.211	   170.62	 0.5170	   0.000	 2.66e-01
 7.5	iso	r	  5.352	0.014	  5.352	  2.887	4.236	 -2.468	 -0.854	-0.680	-0.192	 4.202	   171.43	 0.5184	   0.000	 2.66e-01
 7.5	iso	r	  5.471	0.014	  5.471	  2.926	4.241	 -2.566	 -0.923	-0.688	-0.194	 4.193	   171.81	 0.5198	   0.000	 2.66e-01
 7.5	iso	r	  5.590	0.014	  5.590	  2.965	4.246	 -2.661	 -0.992	-0.696	-0.196	 4.183	   172.09	 0.5214	   0.000	 2.66e-01
 7.5	iso	r	  5.710	0.014	  5.710	  3.002	4.251	 -2.756	 -1.061	-0.703	-0.198	 4.173	   172.73	 0.5231	   0.000	 2.66e-01
 7.5	iso	r	  5.829	0.014	  5.829	  3.040	4.255	 -2.850	 -1.130	-0.710	-0.200	 4.163	   173.47	 0.5248	   0.000	 2.66e-01
 7.5	iso	r	  5.948	0.014	  5.948	  3.077	4.259	 -2.943	 -1.200	-0.716	-0.202	 4.152	   174.07	 0.5267	   0.000	 2.66e-01
 7.5	iso	r	  6.067	0.014	  6.067	  3.114	4.264	 -3.036	 -1.271	-0.722	-0.204	 4.141	   174.16	 0.5287	   0.000	 2.66e-01
 7.5	iso	r	  6.186	0.014	  6.186	  3.151	4.268	 -3.127	 -1.342	-0.728	-0.206	 4.129	   174.59	 0.5309	   0.000	 2.66e-01
 7.5	iso	r	  6.306	0.014	  6.305	  3.187	4.272	 -3.218	 -1.412	-0.733	-0.207	 4.116	   175.27	 0.5331	   0.000	 2.66e-01
 7.5	iso	r	  6.425	0.014	  6.425	  3.224	4.275	 -3.309	 -1.484	-0.738	-0.209	 4.103	   175.04	 0.5354	   0.000	 2.66e-01
 7.5	iso	r	  6.544	0.014	  6.544	  3.260	4.279	 -3.399	 -1.556	-0.744	-0.210	 4.089	   175.60	 0.5381	   0.000	 2.66e-01
 7.5	iso	r	  6.663	0.014	  6.663	  3.296	4.282	 -3.490	 -1.628	-0.748	-0.212	 4.075	   176.24	 0.5407	   0.000	 2.66e-01
 7.5	iso	r	  6.782	0.014	  6.782	  3.332	4.285	 -3.579	 -1.702	-0.753	-0.213	 4.060	   175.94	 0.5436	   0.000	 2.66e-01
 7.5	iso	r	  6.902	0.014	  6.901	  3.368	4.288	 -3.669	 -1.776	-0.757	-0.214	 4.043	   176.49	 0.5465	   0.000	 2.66e-01
 7.5	iso	r	  7.021	0.014	  7.020	  3.403	4.291	 -3.758	 -1.851	-0.761	-0.216	 4.027	   177.12	 0.5499	   0.000	 2.66e-01
 7.5	iso	r	  7.140	0.014	  7.139	  3.437	4.293	 -3.842	 -1.923	-0.764	-0.217	 4.010	   176.87	 0.5532	   0.000	 2.66e-01
 7.5	iso	r	  7.259	0.014	  7.258	  3.470	4.296	 -3.926	 -1.995	-0.767	-0.218	 3.993	   177.45	 0.5566	   0.000	 2.66e-01
 7.5	iso	r	  7.378	0.014	  7.377	  3.504	4.297	 -4.011	 -2.069	-0.770	-0.218	 3.975	   177.30	 0.5601	   0.000	 2.66e-01
 7.5	iso	r	  7.498	0.014	  7.496	  3.538	4.299	 -4.095	 -2.145	-0.772	-0.219	 3.955	   177.24	 0.5639	   0.000	 2.67e-01
 7.5	iso	r	  7.617	0.014	  7.615	  3.572	4.301	 -4.180	 -2.222	-0.774	-0.220	 3.935	   177.70	 0.5680	   0.000	 2.67e-01
 7.5	iso	r	  7.736	0.014	  7.734	  3.606	4.302	 -4.265	 -2.301	-0.776	-0.220	 3.913	   177.38	 0.5722	   0.000	 2.67e-01
 7.5	iso	r	  7.855	0.014	  7.853	  3.640	4.303	 -4.351	 -2.382	-0.778	-0.221	 3.889	   177.22	 0.5771	   0.000	 2.67e-01
 7.5	iso	r	  7.974	0.014	  7.971	  3.675	4.303	 -4.437	 -2.466	-0.778	-0.221	 3.863	   177.41	 0.5821	   0.000	 2.67e-01
 7.5	iso	r	  8.094	0.014	  8.090	  3.710	4.303	 -4.524	 -2.553	-0.778	-0.221	 3.836	   176.35	 0.5870	   0.000	 2.68e-01
 7.5	iso	r	  8.213	0.014	  8.209	  3.745	4.303	 -4.612	 -2.643	-0.778	-0.221	 3.806	   176.00	 0.5931	   0.000	 2.68e-01
 7.5	iso	r	  8.332	0.014	  8.327	  3.781	4.302	 -4.701	 -2.738	-0.776	-0.220	 3.773	   175.49	 0.5990	   0.000	 2.69e-01
 7.5	iso	r	  8.451	0.014	  8.445	  3.817	4.300	 -4.792	 -2.837	-0.774	-0.220	 3.737	   174.62	 0.6053	   0.000	 2.69e-01
 7.5	iso	r	  8.570	0.014	  8.563	  3.854	4.298	 -4.884	 -2.942	-0.770	-0.218	 3.697	   173.56	 0.6122	   0.000	 2.70e-01
 7.5	iso	r	  8.690	0.014	  8.682	  3.891	4.294	 -4.978	 -3.052	-0.766	-0.217	 3.654	   172.13	 0.6199	   0.000	 2.71e-01
 7.5	iso	r	  8.809	0.014	  8.799	  3.930	4.291	 -5.075	 -3.168	-0.761	-0.216	 3.609	   171.15	 0.6285	   0.000	 2.72e-01
 7.5	iso	r	  8.928	0.014	  8.917	  3.974	4.293	 -5.185	 -3.268	-0.763	-0.216	 3.581	   173.84	 0.6446	   0.000	 2.73e-01
 7.5	iso	r	  8.958	0.014	  8.946	  3.990	4.302	 -5.226	 -3.260	-0.777	-0.221	 3.606	   180.93	 0.6585	   0.000	 2.74e-01
 7.5	iso	r	  8.973	0.014	  8.961	  4.015	4.322	 -5.288	 -3.222	-0.808	-0.230	 3.662	   192.71	 0.6735	   0.000	 2.74e-01
 7.5	iso	r	  8.976	0.014	  8.965	  4.034	4.334	 -5.335	 -3.206	-0.827	-0.236	 3.693	   198.20	 0.6791	   0.000	 2.74e-01
 7.5	iso	r	  8.977	0.014	  8.966	  4.014	4.323	 -5.285	 -3.210	-0.810	-0.231	 3.669	   191.70	 0.6677	   0.000	 2.74e-01
 7.5	iso	r	  8.978	0.014	  8.967	  4.016	4.308	 -5.291	 -3.293	-0.787	-0.224	 3.603	   177.92	 0.6476	   0.000	 2.74e-01
 7.5	iso	r	  8.979	0.014	  8.968	  4.036	4.294	 -5.341	 -3.415	-0.766	-0.217	 3.524	   162.66	 0.6249	   0.000	 2.74e-01
 7.5	iso	r	  8.980	0.014	  8.968	  4.052	4.282	 -5.381	 -3.522	-0.748	-0.212	 3.454	   150.58	 0.6045	   0.000	 2.74e-01
 7.5	iso	r	  8.982	0.014	  8.970	  4.071	4.259	 -5.427	 -3.688	-0.715	-0.202	 3.339	   130.36	 0.5661	   0.000	 2.74e-01
 7.5	iso	r	  8.984	0.014	  8.972	  4.081	4.236	 -5.452	 -3.836	-0.680	-0.193	 3.236	   116.45	 0.5381	   0.000	 2.74e-01
 7.5	iso	r	  8.986	0.014	  8.974	  4.086	4.212	 -5.465	 -3.988	-0.636	-0.183	 3.131	   102.04	 0.5062	   0.000	 2.74e-01
 7.5	iso	r	  8.986	0.014	  8.974	  4.087	4.206	 -5.467	 -4.028	-0.623	-0.181	 3.103	    99.29	 0.4992	   0.000	 2.74e-01
 7.5	iso	r	  8.986	0.014	  8.975	  4.087	4.202	 -5.468	 -4.067	-0.630	-0.176	 3.089	    97.67	 0.4955	   0.000	 2.74e-01
 7.5	iso	r	  8.987	0.014	  8.975	  4.087	4.199	 -5.468	 -4.112	-0.641	-0.170	 3.074	    96.00	 0.4916	   0.000	 2.74e-01
 7.5	iso	r	  8.987	0.014	  8.975	  4.087	4.195	 -5.468	 -4.158	-0.653	-0.163	 3.059	    94.31	 0.4877	   0.000	 2.74e-01
 7.5	iso	r	  8.987	0.014	  8.975	  4.087	4.191	 -5.469	 -4.204	-0.665	-0.157	 3.044	    92.63	 0.4836	   0.000	 2.74e-01
 7.5	iso	r	  8.987	0.014	  8.975	  4.088	4.188	 -5.469	 -4.249	-0.678	-0.150	 3.028	    90.94	 0.4793	   0.000	 2.74e-01
 7.5	iso	r	  8.988	0.014	  8.976	  4.087	4.184	 -5.469	 -4.293	-0.690	-0.143	 3.012	    89.25	 0.4751	   0.000	 2.74e-01
 7.5	iso	r	  8.988	0.014	  8.976	  4.087	4.180	 -5.468	 -4.338	-0.704	-0.135	 2.996	    87.62	 0.4711	   0.000	 2.74e-01
 7.5	iso	r	  8.988	0.014	  8.976	  4.087	4.175	 -5.468	 -4.382	-0.717	-0.128	 2.979	    85.87	 0.4666	   0.000	 2.74e-01
 7.5	iso	r	  8.988	0.014	  8.976	  4.087	4.171	 -5.467	 -4.426	-0.730	-0.119	 2.962	    84.15	 0.4622	   0.000	 2.74e-01
 7.5	iso	r	  8.988	0.014	  8.977	  4.086	4.167	 -5.466	 -4.469	-0.744	-0.111	 2.944	    82.47	 0.4577	   0.000	 2.74e-01
 7.5	iso	r	  8.989	0.014	  8.977	  4.086	4.162	 -5.465	 -4.511	-0.759	-0.102	 2.926	    80.72	 0.4532	   0.000	 2.74e-01
 7.5	iso	r	  8.989	0.014	  8.977	  4.085	4.158	 -5.464	 -4.553	-0.776	-0.093	 2.907	    78.97	 0.4486	   0.000	 2.74e-01
 7.5	iso	r	  8.989	0.014	  8.978	  4.084	4.148	 -5.460	 -4.598	-0.773	-0.086	 2.868	    75.47	 0.4390	   0.000	 2.74e-01
 7.5	iso	r	  8.990	0.014	  8.978	  4.082	4.137	 -5.456	 -4.636	-0.760	-0.080	 2.826	    71.89	 0.4289	   0.000	 2.74e-01
 7.5	iso	r	  8.990	0.014	  8.978	  4.080	4.125	 -5.450	 -4.668	-0.747	-0.074	 2.781	    68.16	 0.4181	   0.000	 2.74e-01
 7.5	iso	r	  8.991	0.014	  8.979	  4.077	4.113	 -5.442	 -4.701	-0.734	-0.067	 2.733	    64.43	 0.4071	   0.000	 2.74e-01
 7.5	iso	r	  8.991	0.014	  8.979	  4.073	4.099	 -5.433	 -4.736	-0.719	-0.060	 2.680	    60.50	 0.3947	   0.000	 2.74e-01
 7.5	iso	r	  8.992	0.014	  8.980	  4.069	4.084	 -5.422	 -4.773	-0.703	-0.051	 2.623	    56.56	 0.3818	   0.000	 2.74e-01
 7.5	iso	r	  8.992	0.014	  8.980	  4.063	4.067	 -5.408	 -4.810	-0.679	-0.042	 2.561	    52.60	 0.3684	   0.000	 2.74e-01
 7.5	iso	r	  8.992	0.014	  8.980	  4.060	4.058	 -5.399	 -4.830	-0.664	-0.036	 2.526	    50.69	 0.3621	   0.000	 2.74e-01
 7.5	iso	r	  8.993	0.014	  8.981	  4.056	4.048	 -5.390	 -4.850	-0.650	-0.031	 2.491	    48.78	 0.3559	   0.000	 2.74e-01
 7.5	iso	r	  8.993	0.014	  8.981	  4.052	4.038	 -5.380	 -4.872	-0.634	-0.025	 2.454	    46.77	 0.3492	   0.000	 2.74e-01
 7.5	iso	r	  8.993	0.014	  8.981	  4.050	4.032	 -5.374	 -4.892	-0.623	-0.020	 2.434	    45.70	 0.3456	   0.000	 2.74e-01
 7.5	iso	r	  8.993	0.014	  8.981	  4.047	4.026	 -5.368	 -4.914	-0.611	-0.014	 2.413	    44.77	 0.3427	   0.000	 2.74e-01
 7.5	iso	r	  8.993	0.014	  8.981	  4.045	4.020	 -5.362	 -4.936	-0.599	-0.009	 2.391	    43.84	 0.3398	   0.000	 2.74e-01
 7.5	iso	r	  8.993	0.014	  8.981	  4.042	4.014	 -5.356	 -4.959	-0.587	-0.003	 2.370	    42.92	 0.3369	   0.000	 2.74e-01
 7.5	iso	r	  8.994	0.014	  8.981	  4.039	4.008	 -5.349	 -4.980	-0.559	 0.003	 2.348	    41.99	 0.3340	   0.000	 2.74e-01
 7.5	iso	r	  8.994	0.014	  8.982	  4.036	4.002	 -5.341	 -5.000	-0.511	 0.009	 2.324	    41.05	 0.3312	   0.000	 2.74e-01
 7.5	iso	r	  8.994	0.014	  8.982	  4.033	3.995	 -5.333	 -5.020	-0.460	 0.016	 2.300	    40.12	 0.3284	   0.000	 2.74e-01
 7.5	iso	r	  8.994	0.014	  8.982	  4.030	3.988	 -5.325	 -5.041	-0.406	 0.023	 2.275	    39.20	 0.3256	   0.000	 2.74e-01
 7.5	iso	r	  8.994	0.014	  8.982	  4.026	3.980	 -5.316	 -5.062	-0.352	 0.030	 2.249	    38.28	 0.3228	   0.000	 2.74e-01
 7.5	iso	r	  8.994	0.014	  8.982	  4.023	3.973	 -5.308	 -5.083	-0.298	 0.037	 2.223	    37.36	 0.3200	   0.000	 2.74e-01
 7.5	iso	r	  8.994	0.014	  8.982	  4.019	3.965	 -5.297	 -5.106	-0.238	 0.045	 2.195	    36.22	 0.3153	   0.000	 2.74e-01
 7.5	iso	r	  8.994	0.014	  8.982	  4.015	3.957	 -5.287	 -5.130	-0.191	 0.054	 2.166	    35.07	 0.3106	   0.000	 2.74e-01
 7.5	iso	r	  8.994	0.014	  8.982	  4.010	3.948	 -5.276	 -5.157	-0.164	 0.064	 2.136	    33.87	 0.3053	   0.000	 2.74e-01
 7.5	iso	r	  8.995	0.014	  8.983	  4.006	3.939	 -5.264	 -5.198	-0.113	 0.080	 2.104	    32.62	 0.2996	   0.000	 2.74e-01
 7.5	iso	r	  8.995	0.014	  8.983	  4.001	3.930	 -5.252	 -5.251	-0.041	 0.100	 2.072	    31.38	 0.2939	   0.000	 2.74e-01
 7.5	iso	r	  8.995	0.014	  8.983	  3.996	3.920	 -5.239	 -5.293	 0.056	 0.124	 2.038	    30.17	 0.2883	   0.000	 2.74e-01
 7.5	iso	r	  8.995	0.014	  8.983	  3.990	3.910	 -5.224	 -5.323	 0.129	 0.151	 2.001	    29.00	 0.2828	   0.000	 2.74e-01
 7.5	iso	r	  8.995	0.014	  8.983	  3.984	3.900	 -5.210	 -5.332	 0.153	 0.180	 1.965	    27.83	 0.2774	   0.000	 2.74e-01
 7.5	iso	r	  8.995	0.014	  8.983	  3.977	3.888	 -5.193	 -5.332	 0.179	 0.211	 1.926	    26.48	 0.2700	   0.000	 2.74e-01
 7.5	iso	r	  8.995	0.014	  8.983	  3.970	3.876	 -5.176	 -5.312	 0.208	 0.245	 1.883	    24.98	 0.2610	   0.000	 2.74e-01
 7.5	iso	r	  8.995	0.014	  8.983	  3.963	3.864	 -5.158	 -5.292	 0.236	 0.279	 1.841	    23.49	 0.2521	   0.000	 2.74e-01
 7.5	iso	r	  8.996	0.014	  8.983	  3.954	3.849	 -5.136	 -5.267	 0.270	 0.318	 1.792	    22.00	 0.2424	   0.000	 2.74e-01
 7.5	iso	r	  8.996	0.014	  8.984	  3.945	3.835	 -5.114	 -5.234	 0.302	 0.364	 1.742	    20.52	 0.2325	   0.000	 2.74e-01
 7.5	iso	r	  8.996	0.014	  8.984	  3.936	3.820	 -5.091	 -5.197	 0.334	 0.412	 1.691	    19.03	 0.2226	   0.000	 2.74e-01
 7.5	iso	r	  8.996	0.014	  8.984	  3.925	3.802	 -5.062	 -5.150	 0.373	 0.470	 1.632	    17.49	 0.2110	   0.000	 2.74e-01
 7.5	iso	r	  8.996	0.014	  8.984	  3.912	3.784	 -5.031	 -5.097	 0.412	 0.534	 1.570	    15.92	 0.1992	   0.000	 2.74e-01
 7.5	iso	r	  8.996	0.014	  8.984	  3.899	3.764	 -4.998	 -5.034	 0.453	 0.607	 1.506	    14.37	 0.1870	   0.000	 2.74e-01
 7.5	iso	r	  8.996	0.014	  8.984	  3.879	3.740	 -4.948	 -4.931	 0.511	 0.712	 1.429	    12.83	 0.1733	   0.000	 2.74e-01
 7.5	iso	r	  8.996	0.014	  8.984	  3.860	3.716	 -4.899	 -4.812	 0.612	 0.826	 1.352	    11.29	 0.1596	   0.000	 2.74e-01
 7.5	iso	r	  8.996	0.014	  8.984	  3.839	3.693	 -4.847	 -4.688	 0.733	 0.948	 1.279	     9.80	 0.1461	   0.000	 2.74e-01
 7.5	iso	r	  8.997	0.014	  8.984	  3.808	3.679	 -4.770	 -4.557	 0.829	 1.030	 1.252	     8.90	 0.1346	   0.000	 2.75e-01
 7.5	iso	r	  8.997	0.014	  8.984	  3.777	3.664	 -4.693	 -4.395	 0.973	 1.113	 1.226	     8.01	 0.1230	   0.000	 2.75e-01
 7.5	iso	r	  8.997	0.014	  8.985	  3.748	3.652	 -4.620	 -4.250	 1.095	 1.186	 1.204	     7.10	 0.1109	   0.000	 2.76e-01
 7.5	iso	r	  8.997	0.014	  8.985	  3.724	3.644	 -4.559	 -4.153	 1.158	 1.232	 1.196	     6.18	 0.0968	   0.000	 2.79e-01
 7.5	iso	r	  8.997	0.014	  8.985	  3.699	3.636	 -4.498	 -4.055	 1.220	 1.278	 1.189	     5.26	 0.0828	   0.000	 2.82e-01
 7.5	iso	r	  8.997	0.014	  8.985	  3.701	3.628	 -4.502	 -4.007	 1.304	 1.325	 1.154	     4.35	 0.0698	   0.000	 2.87e-01
 7.5	iso	r	  8.997	0.014	  8.985	  3.760	3.620	 -4.649	 -4.093	 1.398	 1.369	 1.064	     3.52	 0.0594	   0.000	 2.96e-01
 7.5	iso	r	  8.997	0.014	  8.985	  3.870	3.611	 -4.926	 -4.305	 1.497	 1.415	 0.919	     2.87	 0.0527	   0.000	 3.08e-01
 7.5	iso	r	  8.998	0.014	  8.985	  3.969	3.604	 -5.172	 -4.494	 1.578	 1.454	 0.793	     2.45	 0.0485	   0.000	 3.18e-01
 7.5	iso	r	  8.998	0.014	  8.985	  4.024	3.601	 -5.310	 -4.602	 1.603	 1.470	 0.726	     2.26	 0.0464	   0.000	 3.23e-01
 7.5	iso	r	  8.998	0.014	  8.985	  4.051	3.599	 -5.378	 -4.651	 1.618	 1.480	 0.691	     2.15	 0.0451	   0.000	 3.26e-01
 7.5	iso	r	  8.998	0.014	  8.985	  4.060	3.596	 -5.400	 -4.642	 1.644	 1.497	 0.669	     2.09	 0.0444	   0.000	 3.27e-01
 7.5	iso	r	  8.998	0.014	  8.985	  4.065	3.592	 -5.413	 -4.618	 1.673	 1.516	 0.650	     2.04	 0.0438	   0.000	 3.27e-01
 7.5	iso	r	  8.998	0.014	  8.985	  4.069	3.589	 -5.422	 -4.588	 1.705	 1.537	 0.630	     1.98	 0.0430	   0.000	 3.28e-01
 7.5	iso	r	  8.998	0.014	  8.985	  4.074	3.586	 -5.434	 -4.568	 1.727	 1.552	 0.613	     1.93	 0.0423	   0.000	 3.29e-01
 7.5	iso	r	  8.998	0.014	  8.985	  4.080	3.585	 -5.450	 -4.577	 1.730	 1.554	 0.605	     1.91	 0.0422	   0.000	 3.29e-01
 7.5	iso	r	  8.999	0.014	  8.985	  4.085	3.585	 -5.463	 -4.591	 1.730	 1.554	 0.600	     1.90	 0.0421	   0.000	 3.30e-01
 7.5	iso	r	  8.999	0.014	  8.985	  4.088	3.585	 -5.471	 -4.600	 1.730	 1.554	 0.597	     1.90	 0.0422	   0.000	 3.30e-01
 7.5	iso	r	  9.000	0.014	  8.985	  4.088	3.585	 -5.470	 -4.595	 1.732	 1.555	 0.596	     1.90	 0.0421	   0.000	 3.30e-01
 7.5	iso	r	  9.002	0.014	  8.986	  4.087	3.585	 -5.468	 -4.590	 1.734	 1.557	 0.596	     1.91	 0.0422	   0.000	 3.30e-01
 7.5	iso	r	  9.006	0.014	  8.986	  4.085	3.584	 -5.463	 -4.576	 1.739	 1.560	 0.595	     1.92	 0.0423	   0.000	 3.30e-01
 7.5	iso	r	  9.013	0.014	  8.987	  4.082	3.582	 -5.454	 -4.544	 1.754	 1.570	 0.591	     1.92	 0.0422	   0.000	 3.31e-01
 7.5	iso	r	  9.029	0.014	  8.989	  4.072	3.581	 -5.430	 -4.511	 1.759	 1.574	 0.597	     1.91	 0.0423	   0.000	 3.31e-01
 7.5	iso	r	  9.059	0.014	  8.995	  4.054	3.583	 -5.386	 -4.488	 1.746	 1.565	 0.622	     1.96	 0.0428	   0.000	 3.31e-01
 7.5	iso	r	  9.074	0.014	  8.999	  4.044	3.584	 -5.361	 -4.480	 1.736	 1.558	 0.638	     2.01	 0.0434	   0.000	 3.31e-01
 7.5	iso	r	  9.105	0.014	  9.007	  4.026	3.586	 -5.314	 -4.454	 1.723	 1.549	 0.665	     2.11	 0.0448	   0.000	 3.31e-01
 7.5	iso	r	  9.120	0.014	  9.011	  4.017	3.587	 -5.292	 -4.444	 1.714	 1.543	 0.679	     2.17	 0.0457	   0.000	 3.31e-01
 7.5	iso	r	  9.128	0.014	  9.013	  4.012	3.589	 -5.281	 -4.447	 1.705	 1.537	 0.688	     2.20	 0.0462	   0.000	 3.31e-01
 7.5	iso	r	  9.143	0.014	  9.017	  4.005	3.590	 -5.262	 -4.443	 1.692	 1.528	 0.702	     2.28	 0.0473	   0.000	 3.31e-01
 7.5	iso	r	  9.174	0.014	  9.026	  3.994	3.592	 -5.235	 -4.430	 1.681	 1.521	 0.719	     2.41	 0.0495	   0.000	 3.31e-01
 7.5	iso	r	  9.181	0.014	  9.028	  3.992	3.592	 -5.230	 -4.435	 1.673	 1.516	 0.725	     2.45	 0.0502	   0.000	 3.31e-01
 7.5	iso	r	  9.196	0.014	  9.032	  3.990	3.594	 -5.224	 -4.447	 1.659	 1.507	 0.735	     2.55	 0.0518	   0.000	 3.31e-01
 7.5	iso	r	  9.212	0.014	  9.036	  3.989	3.596	 -5.222	 -4.458	 1.648	 1.500	 0.741	     2.66	 0.0538	   0.000	 3.31e-01
 7.5	iso	r	  9.227	0.014	  9.040	  3.990	3.597	 -5.225	 -4.472	 1.639	 1.494	 0.744	     2.77	 0.0558	   0.000	 3.31e-01
 7.5	iso	r	  9.258	0.014	  9.043	  4.000	3.598	 -5.249	 -4.513	 1.625	 1.485	 0.742	     3.08	 0.0618	   0.000	 3.31e-01
 7.5	iso	r	  9.265	0.014	  9.044	  4.005	3.599	 -5.262	 -4.536	 1.618	 1.480	 0.740	     3.32	 0.0664	   0.000	 3.31e-01
 7.5	iso	r	  9.273	0.014	  9.045	  4.012	3.600	 -5.280	 -4.565	 1.608	 1.474	 0.738	     3.60	 0.0721	   0.000	 3.31e-01
 7.5	iso	r	  9.280	0.014	  9.046	  4.024	3.602	 -5.310	 -4.609	 1.597	 1.466	 0.732	     3.97	 0.0796	   0.000	 3.31e-01
 7.5	iso	r	  9.282	0.014	  9.046	  4.031	3.603	 -5.329	 -4.642	 1.586	 1.459	 0.730	     4.23	 0.0848	   0.000	 3.31e-01
 7.5	iso	r	  9.284	0.014	  9.046	  4.042	3.604	 -5.356	 -4.678	 1.578	 1.454	 0.722	     4.61	 0.0927	   0.000	 3.31e-01
 7.5	iso	r	  9.285	0.014	  9.046	  4.051	3.605	 -5.377	 -4.707	 1.572	 1.450	 0.718	     4.91	 0.0990	   0.000	 3.31e-01
 7.5	iso	r	  9.286	0.014	  9.046	  4.056	3.606	 -5.391	 -4.726	 1.563	 1.446	 0.715	     5.13	 0.1035	   0.000	 3.31e-01
 7.5	iso	r	  9.286	0.014	  9.046	  4.064	3.607	 -5.409	 -4.758	 1.543	 1.436	 0.715	     5.43	 0.1095	   0.000	 3.31e-01
 7.5	iso	r	  9.287	0.014	  9.046	  4.072	3.609	 -5.429	 -4.791	 1.523	 1.427	 0.713	     5.81	 0.1172	   0.000	 3.31e-01
 7.5	iso	r	  9.287	0.014	  9.046	  4.081	3.610	 -5.452	 -4.825	 1.506	 1.419	 0.710	     6.30	 0.1272	   0.000	 3.31e-01
 7.5	iso	r	  9.288	0.014	  9.046	  4.093	3.612	 -5.482	 -4.868	 1.487	 1.410	 0.705	     7.25	 0.1465	   0.000	 3.31e-01
 7.5	iso	r	  9.288	0.014	  9.046	  4.099	3.613	 -5.498	 -4.890	 1.478	 1.406	 0.702	     7.78	 0.1575	   0.000	 3.31e-01
 7.5	iso	r	  9.288	0.014	  9.046	  4.106	3.614	 -5.515	 -4.915	 1.464	 1.400	 0.700	     8.48	 0.1714	   0.000	 3.31e-01
 7.5	iso	r	  9.288	0.014	  9.046	  4.110	3.616	 -5.526	 -4.942	 1.440	 1.388	 0.704	     9.58	 0.1917	   0.000	 3.31e-01
 7.5	iso	r	  9.288	0.014	  9.046	  4.115	3.618	 -5.537	 -4.968	 1.416	 1.377	 0.709	    10.67	 0.2119	   0.000	 3.31e-01
 7.5	iso	r	  9.288	0.014	  9.046	  4.119	3.620	 -5.548	 -4.995	 1.392	 1.366	 0.713	    11.76	 0.2322	   0.000	 3.31e-01
 7.5	iso	r	  9.289	0.014	  9.046	  4.124	3.622	 -5.559	 -5.022	 1.368	 1.355	 0.718	    12.85	 0.2525	   0.000	 3.31e-01
 7.5	iso	r	  9.289	0.014	  9.046	  4.128	3.624	 -5.570	 -5.048	 1.344	 1.344	 0.722	    13.94	 0.2728	   0.000	 3.31e-01
 7.5	iso	r	  9.289	0.014	  9.046	  4.132	3.626	 -5.581	 -5.075	 1.320	 1.333	 0.727	    15.03	 0.2930	   0.000	 3.31e-01
 7.5	iso	r	  9.289	0.014	  9.046	  4.137	3.628	 -5.592	 -5.102	 1.296	 1.321	 0.732	    16.13	 0.3133	   0.000	 3.31e-01
 7.5	iso	r	  9.289	0.014	  9.046	  4.141	3.630	 -5.603	 -5.128	 1.272	 1.310	 0.737	    17.22	 0.3336	   0.000	 3.31e-01
 7.5	iso	r	  9.289	0.014	  9.046	  4.144	3.637	 -5.611	 -5.174	 1.211	 1.271	 0.764	    20.80	 0.3775	   0.000	 3.31e-01
 7.5	iso	r	  9.289	0.014	  9.046	  4.148	3.644	 -5.619	 -5.215	 1.153	 1.229	 0.793	    24.61	 0.4236	   0.000	 3.31e-01
 7.5	iso	r	  9.289	0.014	  9.046	  4.151	3.652	 -5.627	 -5.256	 1.096	 1.186	 0.823	    28.43	 0.4696	   0.000	 3.31e-01
 7.5	iso	r	  9.289	0.014	  9.046	  4.154	3.659	 -5.635	 -5.302	 1.031	 1.144	 0.854	    32.24	 0.5157	   0.000	 3.31e-01
 7.5	iso	r	  9.290	0.014	  9.046	  4.157	3.666	 -5.643	 -5.355	 0.956	 1.103	 0.885	    36.05	 0.5618	   0.000	 3.31e-01
 7.5	iso	r	  9.290	0.014	  9.046	  4.160	3.673	 -5.651	 -5.407	 0.880	 1.062	 0.917	    39.86	 0.6078	   0.000	 3.31e-01
 7.5	iso	r	  9.290	0.014	  9.046	  4.164	3.680	 -5.659	 -5.452	 0.817	 1.020	 0.950	    43.67	 0.6539	   0.000	 3.31e-01
 7.5	iso	r	  9.290	0.014	  9.046	  4.167	3.688	 -5.667	 -5.488	 0.768	 0.979	 0.983	    47.48	 0.7000	   0.000	 3.31e-01
 7.5	iso	r	  9.290	0.014	  9.046	  4.168	3.694	 -5.671	 -5.514	 0.730	 0.946	 1.010	    52.02	 0.7255	   0.000	 3.31e-01
 7.5	iso	r	  9.290	0.014	  9.046	  4.170	3.699	 -5.675	 -5.538	 0.695	 0.915	 1.034	    56.72	 0.7465	   0.000	 3.31e-01
 7.5	iso	r	  9.290	0.014	  9.045	  4.172	3.704	 -5.679	 -5.557	 0.664	 0.884	 1.059	    61.42	 0.7675	 -24.258	 3.31e-01
 7.5	iso	r	  9.290	0.014	  9.045	  4.173	3.710	 -5.683	 -5.576	 0.640	 0.858	 1.084	    66.12	 0.7885	 -21.510	 3.31e-01
 7.5	iso	r	  9.291	0.014	  9.045	  4.175	3.715	 -5.686	 -5.596	 0.618	 0.832	 1.110	    70.82	 0.8095	 -18.763	 3.31e-01
 7.5	iso	r	  9.291	0.014	  9.045	  4.176	3.720	 -5.690	 -5.615	 0.595	 0.807	 1.136	    75.51	 0.8305	 -16.015	 3.31e-01
 7.5	iso	r	  9.291	0.014	  9.045	  4.178	3.726	 -5.694	 -5.634	 0.572	 0.781	 1.163	    80.21	 0.8515	 -13.268	 3.31e-01
 7.5	iso	r	  9.291	0.014	  9.045	  4.179	3.731	 -5.698	 -5.654	 0.549	 0.755	 1.190	    84.91	 0.8725	 -10.521	 3.31e-01
 7.5	iso	r	  9.291	0.014	  9.045	  4.180	3.737	 -5.701	 -5.674	 0.525	 0.728	 1.217	    88.09	 0.8849	  -9.908	 3.31e-01
 7.5	iso	r	  9.291	0.014	  9.045	  4.181	3.743	 -5.703	 -5.694	 0.499	 0.698	 1.241	    88.79	 0.8834	 -12.781	 3.31e-01
 7.5	iso	r	  9.291	0.014	  9.045	  4.182	3.750	 -5.705	 -5.710	 0.485	 0.671	 1.265	    89.49	 0.8819	 -15.653	 3.31e-01
 7.5	iso	r	  9.291	0.014	  9.045	  4.183	3.756	 -5.707	 -5.725	 0.472	 0.643	 1.289	    90.19	 0.8804	 -18.526	 3.31e-01
 7.5	iso	r	  9.292	0.014	  9.045	  4.184	3.762	 -5.709	 -5.741	 0.458	 0.616	 1.313	    90.89	 0.8789	 -21.398	 3.31e-01
 7.5	iso	r	  9.292	0.014	  9.045	  4.184	3.769	 -5.711	 -5.755	 0.444	 0.590	 1.337	    91.59	 0.8774	 -24.270	 3.31e-01
 7.5	iso	r	  9.292	0.014	  9.045	  4.185	3.775	 -5.713	 -5.766	 0.430	 0.566	 1.361	    92.29	 0.8759	   0.000	 3.31e-01
 7.5	iso	r	  9.292	0.014	  9.045	  4.186	3.781	 -5.715	 -5.777	 0.417	 0.543	 1.385	    92.99	 0.8744	   0.000	 3.31e-01
 7.5	iso	r	  9.292	0.014	  9.045	  4.186	3.787	 -5.716	 -5.787	 0.404	 0.522	 1.406	    93.54	 0.8726	   0.000	 3.31e-01
 7.5	iso	r	  9.292	0.014	  9.045	  4.187	3.792	 -5.717	 -5.795	 0.395	 0.505	 1.423	    93.75	 0.8698	   0.000	 3.31e-01
 7.5	iso	r	  9.292	0.014	  9.045	  4.187	3.796	 -5.717	 -5.800	 0.385	 0.490	 1.440	    93.96	 0.8671	   0.000	 3.31e-01
 7.5	iso	r	  9.292	0.014	  9.045	  4.187	3.800	 -5.718	 -5.805	 0.376	 0.476	 1.456	    94.16	 0.8644	   0.000	 3.31e-01
 7.5	iso	r	  9.292	0.014	  9.045	  4.187	3.805	 -5.718	 -5.810	 0.366	 0.461	 1.473	    94.37	 0.8617	   0.000	 3.31e-01
 7.5	iso	r	  9.293	0.014	  9.045	  4.188	3.809	 -5.719	 -5.814	 0.357	 0.446	 1.489	    94.58	 0.8589	   0.000	 3.31e-01
 7.5	iso	r	  9.293	0.014	  9.045	  4.188	3.814	 -5.719	 -5.819	 0.347	 0.432	 1.506	    94.78	 0.8562	   0.000	 3.31e-01
 7.5	iso	r	  9.293	0.014	  9.045	  4.188	3.818	 -5.720	 -5.824	 0.338	 0.417	 1.523	    94.99	 0.8535	   0.000	 3.31e-01
 7.5	iso	r	  9.293	0.014	  9.045	  4.188	3.823	 -5.720	 -5.829	 0.328	 0.403	 1.539	    95.20	 0.8508	   0.000	 3.31e-01
 7.5	iso	r	  9.293	0.014	  9.045	  4.188	3.826	 -5.720	 -5.832	 0.321	 0.393	 1.551	    95.06	 0.8481	   0.000	 3.31e-01
 7.5	iso	r	  9.293	0.014	  9.045	  4.188	3.829	 -5.721	 -5.835	 0.315	 0.383	 1.561	    94.89	 0.8453	   0.000	 3.31e-01
 7.5	iso	r	  9.293	0.014	  9.045	  4.188	3.832	 -5.721	 -5.838	 0.309	 0.374	 1.572	    94.72	 0.8426	   0.000	 3.31e-01
 7.5	iso	r	  9.293	0.014	  9.046	  4.188	3.835	 -5.721	 -5.841	 0.302	 0.364	 1.583	    94.54	 0.8399	   0.000	 3.31e-01
 7.5	iso	r	  9.294	0.014	  9.046	  4.189	3.838	 -5.722	 -5.844	 0.296	 0.354	 1.594	    94.37	 0.8372	   0.000	 3.31e-01
 7.5	iso	r	  9.294	0.014	  9.046	  4.189	3.840	 -5.722	 -5.847	 0.291	 0.346	 1.603	    94.30	 0.8348	   0.000	 3.31e-01
 7.5	iso	r	  9.294	0.014	  9.046	  4.189	3.842	 -5.722	 -5.849	 0.286	 0.339	 1.611	    94.30	 0.8325	   0.000	 3.31e-01
 7.5	iso	r	  9.294	0.014	  9.046	  4.189	3.844	 -5.722	 -5.851	 0.281	 0.332	 1.619	    94.29	 0.8302	   0.000	 3.31e-01
 7.5	iso	r	  9.294	0.014	  9.046	  4.189	3.847	 -5.722	 -5.852	 0.276	 0.326	 1.627	    94.29	 0.8278	   0.000	 3.31e-01
 7.5	iso	r	  9.294	0.014	  9.046	  4.189	3.849	 -5.722	 -5.853	 0.271	 0.320	 1.635	    94.28	 0.8255	   0.000	 3.31e-01
 7.5	iso	r	  9.294	0.014	  9.046	  4.189	3.851	 -5.722	 -5.853	 0.266	 0.314	 1.643	    94.26	 0.8233	   0.000	 3.31e-01
 7.5	iso	r	  9.294	0.014	  9.046	  4.189	3.854	 -5.722	 -5.854	 0.259	 0.305	 1.654	    93.95	 0.8190	   0.000	 3.31e-01
 7.5	iso	r	  9.295	0.014	  9.046	  4.189	3.857	 -5.722	 -5.855	 0.251	 0.296	 1.666	    93.64	 0.8147	   0.000	 3.31e-01
 7.5	iso	r	  9.295	0.014	  9.046	  4.189	3.860	 -5.722	 -5.855	 0.244	 0.287	 1.678	    93.36	 0.8106	   0.000	 3.31e-01
 7.5	iso	r	  9.295	0.014	  9.046	  4.189	3.863	 -5.722	 -5.856	 0.238	 0.281	 1.686	    93.35	 0.8076	   0.000	 3.31e-01
 7.5	iso	r	  9.295	0.014	  9.046	  4.189	3.865	 -5.722	 -5.857	 0.233	 0.275	 1.694	    93.34	 0.8045	   0.000	 3.31e-01
 7.5	iso	r	  9.296	0.014	  9.046	  4.189	3.867	 -5.722	 -5.857	 0.228	 0.269	 1.701	    93.28	 0.8016	   0.000	 3.31e-01
 7.5	iso	r	  9.296	0.014	  9.046	  4.189	3.870	 -5.722	 -5.858	 0.221	 0.260	 1.712	    92.71	 0.7961	   0.000	 3.31e-01
 7.5	iso	r	  9.297	0.014	  9.047	  4.189	3.873	 -5.723	 -5.859	 0.215	 0.253	 1.722	    92.16	 0.7908	   0.000	 3.31e-01
 7.5	iso	r	  9.297	0.014	  9.047	  4.189	3.875	 -5.723	 -5.860	 0.209	 0.247	 1.729	    91.64	 0.7859	   0.000	 3.31e-01
 7.5	iso	r	  9.298	0.014	  9.047	  4.189	3.878	 -5.724	 -5.861	 0.203	 0.239	 1.739	    90.78	 0.7775	   0.000	 3.31e-01
 7.5	iso	r	  9.300	0.014	  9.048	  4.191	3.880	 -5.726	 -5.864	 0.198	 0.233	 1.743	    88.52	 0.7657	   0.000	 3.31e-01
 7.5	iso	r	  9.304	0.014	  9.050	  4.195	3.882	 -5.738	 -5.876	 0.192	 0.226	 1.745	    86.92	 0.7540	   0.000	 3.31e-01
 7.5	iso	r	  9.311	0.014	  9.053	  4.201	3.884	 -5.754	 -5.892	 0.190	 0.224	 1.739	    83.82	 0.7357	   0.000	 3.31e-01
 7.5	iso	r	  9.315	0.014	  9.054	  4.204	3.880	 -5.760	 -5.897	 0.197	 0.232	 1.723	    81.79	 0.7276	   0.000	 3.31e-01
 7.5	iso	r	  9.323	0.014	  9.058	  4.211	3.878	 -5.778	 -5.915	 0.203	 0.239	 1.704	    79.58	 0.7177	   0.000	 3.31e-01
 7.5	iso	r	  9.327	0.014	  9.059	  4.214	3.876	 -5.784	 -5.921	 0.207	 0.244	 1.692	    78.03	 0.7106	   0.000	 3.31e-01
 7.5	iso	r	  9.329	0.014	  9.060	  4.215	3.874	 -5.787	 -5.923	 0.213	 0.250	 1.681	    76.92	 0.7064	   0.000	 3.31e-01
 7.5	iso	r	  9.332	0.014	  9.062	  4.218	3.870	 -5.796	 -5.931	 0.220	 0.260	 1.664	    75.36	 0.7010	   0.000	 3.31e-01
 7.5	iso	r	  9.340	0.014	  9.065	  4.228	3.872	 -5.820	 -5.955	 0.216	 0.254	 1.661	    74.92	 0.6963	   0.000	 3.31e-01
 7.5	iso	r	  9.348	0.014	  9.067	  4.234	3.873	 -5.836	 -5.972	 0.215	 0.253	 1.654	    73.51	 0.6872	   0.000	 3.31e-01
 7.5	iso	r	  9.350	0.014	  9.068	  4.235	3.871	 -5.838	 -5.973	 0.219	 0.258	 1.647	    72.66	 0.6833	   0.000	 3.31e-01
 7.5	iso	r	  9.351	0.014	  9.068	  4.236	3.868	 -5.840	 -5.975	 0.226	 0.266	 1.633	    71.64	 0.6800	   0.000	 3.31e-01
 7.5	iso	r	  9.353	0.014	  9.069	  4.237	3.865	 -5.843	 -5.977	 0.234	 0.275	 1.618	    70.54	 0.6768	   0.000	 3.31e-01
 7.5	iso	r	  9.357	0.014	  9.070	  4.242	3.862	 -5.855	 -5.988	 0.239	 0.282	 1.604	    69.50	 0.6732	   0.000	 3.31e-01
 7.5	iso	r	  9.365	0.014	  9.073	  4.249	3.862	 -5.872	 -6.006	 0.240	 0.283	 1.593	    67.83	 0.6624	   0.000	 3.31e-01
 7.5	iso	r	  9.367	0.014	  9.073	  4.250	3.861	 -5.875	 -6.008	 0.243	 0.287	 1.586	    67.02	 0.6584	   0.000	 3.31e-01
 7.5	iso	r	  9.369	0.014	  9.074	  4.251	3.858	 -5.878	 -6.011	 0.250	 0.295	 1.572	    65.86	 0.6540	   0.000	 3.31e-01
 7.5	iso	r	  9.372	0.014	  9.075	  4.256	3.855	 -5.890	 -6.022	 0.257	 0.303	 1.555	    64.75	 0.6498	   0.000	 3.31e-01
 7.5	iso	r	  9.376	0.014	  9.076	  4.259	3.855	 -5.898	 -6.030	 0.256	 0.302	 1.552	    63.97	 0.6441	   0.000	 3.31e-01
 7.5	iso	r	  9.378	0.014	  9.076	  4.261	3.853	 -5.902	 -6.034	 0.261	 0.308	 1.542	    63.22	 0.6410	   0.000	 3.31e-01
 7.5	iso	r	  9.380	0.014	  9.077	  4.262	3.851	 -5.904	 -6.035	 0.267	 0.314	 1.531	    62.34	 0.6369	   0.000	 3.31e-01
 7.5	iso	r	  9.381	0.014	  9.077	  4.262	3.849	 -5.905	 -6.036	 0.271	 0.320	 1.522	    61.73	 0.6348	   0.000	 3.31e-01
 7.5	iso	r	  9.383	0.014	  9.078	  4.264	3.845	 -5.910	 -6.040	 0.280	 0.329	 1.506	    60.71	 0.6315	   0.000	 3.31e-01
 7.5	iso	r	  9.387	0.014	  9.079	  4.268	3.843	 -5.919	 -6.047	 0.285	 0.337	 1.492	    59.46	 0.6252	   0.000	 3.31e-01
 7.5	iso	r	  9.388	0.014	  9.079	  4.268	3.842	 -5.919	 -6.046	 0.288	 0.341	 1.486	    58.89	 0.6220	   0.000	 3.31e-01
 7.5	iso	r	  9.389	0.014	  9.079	  4.268	3.839	 -5.919	 -6.043	 0.293	 0.350	 1.475	    58.02	 0.6184	   0.000	 3.31e-01
 7.5	iso	r	  9.390	0.014	  9.079	  4.268	3.836	 -5.920	 -6.041	 0.299	 0.359	 1.463	    57.18	 0.6150	   0.000	 3.31e-01
 7.5	iso	r	  9.391	0.014	  9.079	  4.268	3.834	 -5.921	 -6.040	 0.305	 0.367	 1.452	    56.54	 0.6126	   0.000	 3.31e-01
 7.5	iso	r	  9.392	0.014	  9.080	  4.269	3.831	 -5.923	 -6.040	 0.311	 0.376	 1.440	    55.83	 0.6107	   0.000	 3.31e-01
 7.5	iso	r	  9.392	0.014	  9.080	  4.269	3.829	 -5.923	 -6.037	 0.315	 0.384	 1.431	    55.13	 0.6074	   0.000	 3.31e-01
 7.5	iso	r	  9.393	0.014	  9.080	  4.270	3.826	 -5.925	 -6.037	 0.320	 0.392	 1.420	    54.49	 0.6049	   0.000	 3.31e-01
 7.5	iso	r	  9.394	0.014	  9.080	  4.271	3.824	 -5.928	 -6.037	 0.326	 0.400	 1.409	    53.89	 0.6030	   0.000	 3.31e-01
 7.5	iso	r	  9.395	0.014	  9.081	  4.272	3.821	 -5.931	 -6.038	 0.331	 0.408	 1.398	    53.28	 0.6010	   0.000	 3.31e-01
 7.5	iso	r	  9.397	0.014	  9.081	  4.274	3.819	 -5.935	 -6.041	 0.335	 0.414	 1.387	    52.53	 0.5970	   0.000	 3.31e-01
 7.5	iso	r	  9.401	0.014	  9.083	  4.280	3.817	 -5.949	 -6.052	 0.340	 0.421	 1.373	    51.53	 0.5915	   0.000	 3.31e-01
 7.5	iso	r	  9.403	0.014	  9.083	  4.284	3.815	 -5.959	 -6.060	 0.344	 0.427	 1.361	    51.05	 0.5902	   0.000	 3.31e-01
 7.5	iso	r	  9.405	0.014	  9.084	  4.288	3.814	 -5.969	 -6.069	 0.348	 0.433	 1.350	    50.56	 0.5890	   0.000	 3.31e-01
 7.5	iso	r	  9.406	0.014	  9.084	  4.289	3.812	 -5.973	 -6.071	 0.352	 0.438	 1.341	    50.15	 0.5863	   0.000	 3.31e-01
 7.5	iso	r	  9.406	0.014	  9.084	  4.289	3.809	 -5.972	 -6.068	 0.358	 0.448	 1.329	    49.52	 0.5796	   0.000	 3.31e-01
 7.5	iso	r	  9.407	0.014	  9.084	  4.289	3.806	 -5.972	 -6.064	 0.364	 0.457	 1.317	    48.89	 0.5729	   0.000	 3.31e-01
 7.5	iso	r	  9.407	0.014	  9.084	  4.288	3.803	 -5.971	 -6.061	 0.370	 0.466	 1.306	    48.26	 0.5662	   0.000	 3.31e-01
 7.5	iso	r	  9.408	0.014	  9.085	  4.288	3.801	 -5.970	 -6.058	 0.376	 0.475	 1.294	    47.63	 0.5595	   0.000	 3.31e-01
 7.5	iso	r	  9.408	0.014	  9.085	  4.288	3.798	 -5.970	 -6.054	 0.382	 0.484	 1.282	    47.00	 0.5527	   0.000	 3.31e-01
 7.5	iso	r	  9.409	0.014	  9.085	  4.288	3.795	 -5.969	 -6.051	 0.388	 0.493	 1.271	    46.37	 0.5460	   0.000	 3.31e-01
 7.5	iso	r	  9.409	0.014	  9.085	  4.287	3.792	 -5.968	 -6.047	 0.394	 0.503	 1.259	    45.74	 0.5393	   0.000	 3.31e-01
 7.5	iso	r	  9.409	0.014	  9.085	  4.287	3.791	 -5.968	 -6.045	 0.396	 0.508	 1.253	    45.43	 0.5359	   0.000	 3.31e-01
 7.5	iso	r	  9.410	0.014	  9.085	  4.287	3.790	 -5.968	 -6.042	 0.400	 0.513	 1.247	    45.11	 0.5326	   0.000	 3.31e-01
 7.5	iso	r	  9.410	0.014	  9.085	  4.287	3.788	 -5.967	 -6.040	 0.402	 0.518	 1.241	    44.80	 0.5292	   0.000	 3.31e-01
 7.5	iso	r	  9.410	0.014	  9.085	  4.287	3.787	 -5.967	 -6.038	 0.406	 0.523	 1.236	    44.48	 0.5259	   0.000	 3.31e-01
 7.5	iso	r	  9.410	0.014	  9.085	  4.287	3.785	 -5.967	 -6.035	 0.408	 0.528	 1.230	    44.17	 0.5225	   0.000	 3.31e-01
 7.5	iso	r	  9.411	0.014	  9.085	  4.286	3.784	 -5.966	 -6.033	 0.412	 0.534	 1.224	    43.85	 0.5191	   0.000	 3.31e-01
 7.5	iso	r	  9.411	0.014	  9.085	  4.286	3.782	 -5.966	 -6.030	 0.414	 0.539	 1.218	    43.54	 0.5158	   0.000	 3.31e-01
 7.5	iso	r	  9.411	0.014	  9.085	  4.286	3.781	 -5.966	 -6.028	 0.418	 0.544	 1.212	    43.22	 0.5124	   0.000	 3.31e-01
 7.5	iso	r	  9.411	0.014	  9.085	  4.286	3.780	 -5.965	 -6.026	 0.420	 0.549	 1.207	    42.91	 0.5091	   0.000	 3.31e-01
 7.5	iso	r	  9.412	0.014	  9.085	  4.286	3.778	 -5.965	 -6.023	 0.424	 0.554	 1.201	    42.59	 0.5057	   0.000	 3.31e-01
 7.5	iso	r	  9.412	0.014	  9.085	  4.286	3.777	 -5.965	 -6.021	 0.426	 0.559	 1.195	    42.28	 0.5023	   0.000	 3.31e-01
 7.5	iso	r	  9.412	0.014	  9.085	  4.286	3.776	 -5.964	 -6.018	 0.430	 0.565	 1.189	    41.96	 0.4990	   0.000	 3.31e-01
 7.5	iso	r	  9.412	0.014	  9.085	  4.286	3.774	 -5.964	 -6.016	 0.432	 0.570	 1.183	    41.65	 0.4956	   0.000	 3.31e-01
 7.5	iso	r	  9.412	0.014	  9.085	  4.286	3.773	 -5.964	 -6.014	 0.436	 0.575	 1.178	    41.33	 0.4923	   0.000	 3.31e-01
 7.5	iso	r	  9.413	0.014	  9.085	  4.285	3.771	 -5.963	 -6.011	 0.438	 0.580	 1.172	    41.02	 0.4889	   0.000	 3.31e-01
 7.5	iso	r	  9.413	0.014	  9.085	  4.285	3.770	 -5.963	 -6.009	 0.441	 0.585	 1.166	    40.70	 0.4855	   0.000	 3.31e-01
 7.5	iso	r	  9.413	0.014	  9.085	  4.285	3.769	 -5.963	 -6.006	 0.444	 0.590	 1.160	    40.39	 0.4822	   0.000	 3.31e-01
 7.5	iso	r	  9.413	0.014	  9.085	  4.285	3.767	 -5.962	 -6.004	 0.447	 0.596	 1.154	    40.07	 0.4788	   0.000	 3.31e-01
 7.5	iso	r	  9.414	0.014	  9.085	  4.285	3.766	 -5.962	 -6.002	 0.450	 0.601	 1.149	    39.76	 0.4755	   0.000	 3.31e-01
 7.5	iso	r	  9.414	0.014	  9.086	  4.285	3.764	 -5.962	 -5.998	 0.454	 0.607	 1.143	    39.44	 0.4721	   0.000	 3.31e-01
 7.5	iso	r	  9.414	0.014	  9.086	  4.284	3.763	 -5.961	 -5.995	 0.456	 0.613	 1.137	    39.13	 0.4687	   0.000	 3.31e-01
 7.5	iso	r	  9.414	0.014	  9.086	  4.284	3.762	 -5.961	 -5.991	 0.460	 0.619	 1.131	    38.81	 0.4654	   0.000	 3.31e-01
 7.5	iso	r	  9.415	0.014	  9.086	  4.284	3.760	 -5.961	 -5.988	 0.463	 0.625	 1.126	    38.50	 0.4620	   0.000	 3.31e-01
 7.5	iso	r	  9.415	0.014	  9.086	  4.284	3.759	 -5.960	 -5.985	 0.466	 0.631	 1.120	    38.18	 0.4587	   0.000	 3.31e-01
 7.5	iso	r	  9.415	0.014	  9.086	  4.284	3.757	 -5.960	 -5.981	 0.469	 0.637	 1.114	    37.87	 0.4553	   0.000	 3.31e-01
 7.5	iso	r	  9.415	0.014	  9.086	  4.284	3.756	 -5.960	 -5.978	 0.472	 0.643	 1.108	    37.55	 0.4519	   0.000	 3.31e-01
 7.5	iso	r	  9.416	0.014	  9.086	  4.284	3.755	 -5.959	 -5.974	 0.475	 0.649	 1.103	    37.24	 0.4486	   0.000	 3.31e-01
 7.5	iso	r	  9.416	0.014	  9.086	  4.284	3.753	 -5.959	 -5.971	 0.478	 0.656	 1.097	    36.92	 0.4452	   0.000	 3.31e-01
 7.5	iso	r	  9.416	0.014	  9.086	  4.283	3.752	 -5.959	 -5.968	 0.481	 0.662	 1.091	    36.61	 0.4419	   0.000	 3.31e-01
 7.5	iso	r	  9.416	0.014	  9.086	  4.283	3.750	 -5.958	 -5.964	 0.484	 0.668	 1.085	    36.29	 0.4385	   0.000	 3.31e-01
 7.5	iso	r	  9.417	0.014	  9.086	  4.283	3.749	 -5.958	 -5.961	 0.487	 0.674	 1.080	    35.98	 0.4351	   0.000	 3.31e-01
 7.5	iso	r	  9.417	0.014	  9.086	  4.283	3.748	 -5.958	 -5.958	 0.490	 0.680	 1.074	    35.66	 0.4318	   0.000	 3.31e-01
 7.5	iso	r	  9.417	0.014	  9.086	  4.283	3.746	 -5.957	 -5.954	 0.493	 0.686	 1.068	    35.35	 0.4284	   0.000	 3.31e-01
 7.5	iso	r	  9.417	0.014	  9.086	  4.283	3.745	 -5.957	 -5.951	 0.496	 0.692	 1.063	    35.03	 0.4251	   0.000	 3.31e-01
 7.5	iso	r	  9.417	0.014	  9.086	  4.283	3.744	 -5.956	 -5.948	 0.499	 0.698	 1.057	    34.72	 0.4217	   0.000	 3.31e-01
 7.5	iso	r	  9.418	0.014	  9.086	  4.282	3.742	 -5.956	 -5.944	 0.504	 0.704	 1.051	    34.40	 0.4183	   0.000	 3.31e-01
 7.5	iso	r	  9.418	0.014	  9.086	  4.282	3.741	 -5.956	 -5.939	 0.510	 0.711	 1.045	    34.09	 0.4150	   0.000	 3.31e-01
 7.5	iso	r	  9.418	0.014	  9.086	  4.282	3.739	 -5.956	 -5.935	 0.516	 0.718	 1.040	    33.77	 0.4116	   0.000	 3.31e-01
 7.5	iso	r	  9.418	0.014	  9.086	  4.282	3.738	 -5.955	 -5.930	 0.522	 0.724	 1.034	    33.46	 0.4082	   0.000	 3.31e-01
 7.5	iso	r	  9.419	0.014	  9.086	  4.282	3.736	 -5.955	 -5.926	 0.527	 0.731	 1.028	    33.14	 0.4049	   0.000	 3.31e-01
 7.5	iso	r	  9.419	0.014	  9.086	  4.282	3.735	 -5.954	 -5.922	 0.533	 0.737	 1.023	    32.83	 0.4015	   0.000	 3.31e-01
 7.5	iso	r	  9.419	0.014	  9.086	  4.282	3.734	 -5.954	 -5.917	 0.539	 0.744	 1.017	    32.51	 0.3982	   0.000	 3.31e-01
 7.5	iso	r	  9.419	0.014	  9.086	  4.282	3.732	 -5.954	 -5.913	 0.545	 0.751	 1.011	    32.20	 0.3948	   0.000	 3.31e-01
 7.5	iso	r	  9.420	0.014	  9.086	  4.281	3.731	 -5.954	 -5.908	 0.551	 0.757	 1.005	    31.88	 0.3914	   0.000	 3.31e-01
 7.5	iso	r	  9.420	0.014	  9.086	  4.281	3.730	 -5.953	 -5.904	 0.557	 0.764	 1.000	    31.57	 0.3881	   0.000	 3.31e-01
 7.5	iso	r	  9.420	0.014	  9.086	  4.281	3.728	 -5.953	 -5.900	 0.563	 0.770	 0.994	    31.25	 0.3847	   0.000	 3.31e-01
 7.5	iso	r	  9.420	0.014	  9.087	  4.281	3.727	 -5.952	 -5.895	 0.568	 0.777	 0.988	    30.94	 0.3814	   0.000	 3.31e-01
 7.5	iso	r	  9.421	0.014	  9.087	  4.281	3.725	 -5.952	 -5.891	 0.574	 0.784	 0.983	    30.62	 0.3780	   0.000	 3.31e-01
 7.5	iso	r	  9.421	0.014	  9.087	  4.281	3.724	 -5.952	 -5.887	 0.580	 0.790	 0.977	    30.31	 0.3746	   0.000	 3.31e-01
 7.5	iso	r	  9.421	0.014	  9.087	  4.281	3.722	 -5.951	 -5.882	 0.586	 0.797	 0.971	    29.99	 0.3713	   0.000	 3.31e-01
 7.5	iso	r	  9.421	0.014	  9.087	  4.280	3.721	 -5.951	 -5.878	 0.592	 0.804	 0.966	    29.68	 0.3679	   0.000	 3.31e-01
 7.5	iso	r	  9.422	0.014	  9.087	  4.280	3.720	 -5.951	 -5.874	 0.598	 0.810	 0.960	    29.36	 0.3645	   0.000	 3.31e-01
 7.5	iso	r	  9.422	0.014	  9.087	  4.280	3.718	 -5.950	 -5.869	 0.604	 0.817	 0.954	    29.04	 0.3612	   0.000	 3.31e-01
 7.5	iso	r	  9.422	0.014	  9.087	  4.280	3.717	 -5.950	 -5.865	 0.610	 0.823	 0.949	    28.73	 0.3578	   0.000	 3.31e-01
 7.5	iso	r	  9.422	0.014	  9.087	  4.280	3.716	 -5.950	 -5.860	 0.616	 0.830	 0.943	    28.41	 0.3545	   0.000	 3.31e-01
 7.5	iso	r	  9.423	0.014	  9.087	  4.280	3.714	 -5.949	 -5.856	 0.621	 0.836	 0.937	    28.10	 0.3511	   0.000	 3.31e-01
 7.5	iso	r	  9.423	0.014	  9.087	  4.280	3.713	 -5.949	 -5.852	 0.627	 0.843	 0.932	    27.78	 0.3477	   0.000	 3.31e-01
 7.5	iso	r	  9.423	0.014	  9.087	  4.280	3.711	 -5.949	 -5.847	 0.633	 0.850	 0.926	    27.47	 0.3444	   0.000	 3.31e-01
 7.5	iso	r	  9.423	0.014	  9.087	  4.279	3.710	 -5.948	 -5.843	 0.639	 0.856	 0.920	    27.15	 0.3410	   0.000	 3.31e-01
 7.5	iso	r	  9.423	0.014	  9.087	  4.279	3.709	 -5.948	 -5.838	 0.645	 0.863	 0.915	    26.84	 0.3376	   0.000	 3.31e-01
 7.5	iso	r	  9.424	0.014	  9.087	  4.279	3.707	 -5.948	 -5.834	 0.651	 0.870	 0.909	    26.52	 0.3343	   0.000	 3.31e-01
 7.5	iso	r	  9.424	0.014	  9.087	  4.279	3.706	 -5.947	 -5.830	 0.657	 0.876	 0.903	    26.21	 0.3309	   0.000	 3.31e-01
 7.5	iso	r	  9.424	0.014	  9.087	  4.279	3.704	 -5.947	 -5.825	 0.663	 0.883	 0.898	    25.89	 0.3276	   0.000	 3.31e-01
 7.5	iso	r	  9.424	0.014	  9.087	  4.279	3.703	 -5.947	 -5.821	 0.671	 0.891	 0.892	    25.58	 0.3242	   0.000	 3.31e-01
 7.5	iso	r	  9.425	0.014	  9.087	  4.278	3.702	 -5.946	 -5.817	 0.679	 0.899	 0.886	    25.26	 0.3208	   0.000	 3.31e-01
 7.5	iso	r	  9.425	0.014	  9.087	  4.278	3.700	 -5.946	 -5.812	 0.687	 0.907	 0.881	    24.95	 0.3175	   0.000	 3.31e-01
 7.5	iso	r	  9.425	0.014	  9.087	  4.278	3.699	 -5.946	 -5.808	 0.695	 0.915	 0.875	    24.63	 0.3141	   0.000	 3.31e-01
 7.5	iso	r	  9.425	0.014	  9.087	  4.278	3.697	 -5.945	 -5.803	 0.704	 0.923	 0.869	    24.32	 0.3107	   0.000	 3.31e-01
 7.5	iso	r	  9.426	0.014	  9.087	  4.278	3.696	 -5.945	 -5.798	 0.713	 0.931	 0.864	    24.00	 0.3074	   0.000	 3.31e-01
 7.5	iso	r	  9.426	0.014	  9.087	  4.278	3.695	 -5.945	 -5.792	 0.722	 0.939	 0.858	    23.69	 0.3040	   0.000	 3.31e-01
 7.5	iso	r	  9.426	0.014	  9.087	  4.278	3.693	 -5.944	 -5.786	 0.732	 0.947	 0.853	    23.37	 0.3006	   0.000	 3.31e-01
 7.5	iso	r	  9.426	0.014	  9.087	  4.278	3.692	 -5.944	 -5.780	 0.741	 0.955	 0.847	    23.05	 0.2973	   0.000	 3.31e-01
 7.5	iso	r	  9.427	0.014	  9.087	  4.278	3.690	 -5.944	 -5.775	 0.750	 0.963	 0.841	    22.74	 0.2939	   0.000	 3.31e-01
 7.5	iso	r	  9.427	0.014	  9.088	  4.277	3.689	 -5.943	 -5.769	 0.760	 0.971	 0.836	    22.42	 0.2906	   0.000	 3.31e-01
 7.5	iso	r	  9.427	0.014	  9.088	  4.277	3.688	 -5.943	 -5.764	 0.769	 0.979	 0.830	    22.11	 0.2872	   0.000	 3.31e-01
 7.5	iso	r	  9.427	0.014	  9.088	  4.277	3.686	 -5.943	 -5.758	 0.778	 0.987	 0.824	    21.79	 0.2838	   0.000	 3.31e-01
 7.5	iso	r	  9.428	0.014	  9.088	  4.277	3.685	 -5.942	 -5.752	 0.788	 0.995	 0.819	    21.48	 0.2805	   0.000	 3.31e-01
 7.5	iso	r	  9.428	0.014	  9.088	  4.277	3.684	 -5.942	 -5.747	 0.797	 1.003	 0.813	    21.16	 0.2771	   0.000	 3.31e-01
 7.5	iso	r	  9.428	0.014	  9.088	  4.277	3.682	 -5.942	 -5.741	 0.806	 1.011	 0.808	    20.85	 0.2737	   0.000	 3.31e-01
 7.5	iso	r	  9.428	0.014	  9.088	  4.276	3.681	 -5.941	 -5.735	 0.816	 1.019	 0.802	    20.53	 0.2704	   0.000	 3.31e-01
 7.5	iso	r	  9.428	0.014	  9.088	  4.276	3.679	 -5.941	 -5.730	 0.825	 1.027	 0.796	    20.22	 0.2670	   0.000	 3.31e-01
 7.5	iso	r	  9.429	0.014	  9.088	  4.276	3.678	 -5.941	 -5.724	 0.834	 1.035	 0.791	    19.90	 0.2636	   0.000	 3.31e-01
 7.5	iso	r	  9.429	0.014	  9.088	  4.276	3.676	 -5.940	 -5.717	 0.845	 1.043	 0.785	    19.59	 0.2603	   0.000	 3.31e-01
 7.5	iso	r	  9.429	0.014	  9.088	  4.276	3.675	 -5.940	 -5.708	 0.860	 1.051	 0.779	    19.27	 0.2569	   0.000	 3.31e-01
 7.5	iso	r	  9.429	0.014	  9.088	  4.276	3.674	 -5.940	 -5.699	 0.875	 1.059	 0.774	    18.96	 0.2536	   0.000	 3.31e-01
 7.5	iso	r	  9.430	0.014	  9.088	  4.276	3.672	 -5.939	 -5.690	 0.889	 1.067	 0.768	    18.64	 0.2502	   0.000	 3.31e-01
 7.5	iso	r	  9.430	0.014	  9.088	  4.276	3.671	 -5.939	 -5.681	 0.904	 1.075	 0.763	    18.32	 0.2468	   0.000	 3.31e-01
 7.5	iso	r	  9.430	0.014	  9.088	  4.275	3.670	 -5.939	 -5.672	 0.918	 1.083	 0.757	    18.01	 0.2435	   0.000	 3.31e-01
 7.5	iso	r	  9.430	0.014	  9.088	  4.275	3.668	 -5.938	 -5.663	 0.933	 1.091	 0.752	    17.69	 0.2401	   0.000	 3.31e-01
 7.5	iso	r	  9.431	0.014	  9.088	  4.275	3.667	 -5.938	 -5.654	 0.948	 1.099	 0.746	    17.38	 0.2367	   0.000	 3.31e-01
 7.5	iso	r	  9.431	0.014	  9.088	  4.275	3.665	 -5.938	 -5.645	 0.962	 1.107	 0.740	    17.06	 0.2334	   0.000	 3.31e-01
 7.5	iso	r	  9.431	0.014	  9.088	  4.275	3.664	 -5.937	 -5.636	 0.977	 1.115	 0.735	    16.75	 0.2300	   0.000	 3.31e-01
 7.5	iso	r	  9.431	0.014	  9.088	  4.275	3.662	 -5.937	 -5.627	 0.992	 1.123	 0.729	    16.43	 0.2266	   0.000	 3.31e-01
 7.5	iso	r	  9.432	0.014	  9.088	  4.275	3.661	 -5.936	 -5.618	 1.006	 1.131	 0.724	    16.12	 0.2233	   0.000	 3.31e-01
 7.5	iso	r	  9.432	0.014	  9.088	  4.274	3.660	 -5.936	 -5.609	 1.021	 1.139	 0.718	    15.80	 0.2199	   0.000	 3.31e-01
 7.5	iso	r	  9.432	0.014	  9.088	  4.274	3.658	 -5.936	 -5.600	 1.036	 1.147	 0.712	    15.49	 0.2166	   0.000	 3.31e-01
 7.5	iso	r	  9.432	0.014	  9.088	  4.274	3.657	 -5.936	 -5.591	 1.050	 1.155	 0.707	    15.17	 0.2132	   0.000	 3.31e-01
 7.5	iso	r	  9.433	0.014	  9.088	  4.274	3.656	 -5.935	 -5.583	 1.064	 1.163	 0.701	    14.85	 0.2098	   0.000	 3.31e-01
 7.5	iso	r	  9.433	0.014	  9.088	  4.274	3.654	 -5.935	 -5.576	 1.075	 1.171	 0.696	    14.54	 0.2065	   0.000	 3.31e-01
 7.5	iso	r	  9.433	0.014	  9.088	  4.274	3.653	 -5.934	 -5.570	 1.086	 1.179	 0.690	    14.22	 0.2031	   0.000	 3.31e-01
 7.5	iso	r	  9.433	0.014	  9.088	  4.274	3.651	 -5.934	 -5.563	 1.097	 1.187	 0.685	    13.91	 0.1997	   0.000	 3.31e-01
 7.5	iso	r	  9.433	0.014	  9.089	  4.274	3.650	 -5.934	 -5.556	 1.108	 1.195	 0.679	    13.59	 0.1964	   0.000	 3.31e-01
 7.5	iso	r	  9.434	0.014	  9.089	  4.273	3.649	 -5.934	 -5.549	 1.119	 1.203	 0.673	    13.28	 0.1930	   0.000	 3.31e-01
 7.5	iso	r	  9.434	0.014	  9.089	  4.273	3.647	 -5.933	 -5.543	 1.130	 1.212	 0.668	    12.96	 0.1896	   0.000	 3.31e-01
 7.5	iso	r	  9.434	0.014	  9.089	  4.273	3.646	 -5.933	 -5.536	 1.141	 1.220	 0.662	    12.65	 0.1863	   0.000	 3.31e-01
 7.5	iso	r	  9.434	0.014	  9.089	  4.273	3.644	 -5.932	 -5.529	 1.152	 1.228	 0.657	    12.33	 0.1829	   0.000	 3.31e-01
 7.5	iso	r	  9.435	0.014	  9.089	  4.273	3.643	 -5.932	 -5.522	 1.163	 1.236	 0.651	    12.02	 0.1795	   0.000	 3.31e-01
 7.5	iso	r	  9.435	0.014	  9.089	  4.273	3.642	 -5.932	 -5.516	 1.174	 1.244	 0.646	    11.70	 0.1762	   0.000	 3.31e-01
 7.5	iso	r	  9.435	0.014	  9.089	  4.273	3.640	 -5.931	 -5.509	 1.185	 1.252	 0.640	    11.38	 0.1728	   0.000	 3.31e-01
 7.5	iso	r	  9.435	0.014	  9.089	  4.272	3.639	 -5.931	 -5.502	 1.196	 1.260	 0.635	    11.07	 0.1694	   0.000	 3.31e-01
 7.5	iso	r	  9.436	0.014	  9.089	  4.272	3.637	 -5.931	 -5.495	 1.207	 1.269	 0.629	    10.75	 0.1661	   0.000	 3.31e-01
 7.5	iso	r	  9.436	0.014	  9.089	  4.272	3.636	 -5.930	 -5.489	 1.218	 1.277	 0.623	    10.44	 0.1627	   0.000	 3.31e-01
 7.5	iso	r	  9.436	0.014	  9.089	  4.272	3.635	 -5.930	 -5.482	 1.230	 1.285	 0.618	    10.12	 0.1593	   0.000	 3.31e-01
 7.5	iso	r	  9.436	0.014	  9.089	  4.272	3.633	 -5.930	 -5.475	 1.241	 1.293	 0.612	     9.81	 0.1560	   0.000	 3.31e-01
 7.5	iso	r	  9.437	0.014	  9.089	  4.272	3.632	 -5.929	 -5.468	 1.252	 1.301	 0.607	     9.49	 0.1526	   0.000	 3.31e-01
 7.5	iso	r	  9.437	0.014	  9.089	  4.272	3.630	 -5.929	 -5.457	 1.269	 1.309	 0.601	     9.18	 0.1492	   0.000	 3.31e-01
 7.5	iso	r	  9.437	0.014	  9.089	  4.272	3.629	 -5.929	 -5.445	 1.286	 1.317	 0.596	     8.86	 0.1459	   0.000	 3.31e-01
 7.5	iso	r	  9.437	0.014	  9.089	  4.271	3.628	 -5.928	 -5.434	 1.302	 1.324	 0.590	     8.55	 0.1425	   0.000	 3.31e-01
 7.5	iso	r	  9.438	0.014	  9.089	  4.271	3.626	 -5.928	 -5.423	 1.319	 1.332	 0.585	     8.23	 0.1392	   0.000	 3.31e-01
 7.5	iso	r	  9.438	0.014	  9.089	  4.271	3.625	 -5.928	 -5.412	 1.336	 1.340	 0.579	     7.91	 0.1358	   0.000	 3.31e-01
 7.5	iso	r	  9.438	0.014	  9.089	  4.271	3.623	 -5.927	 -5.401	 1.352	 1.348	 0.574	     7.60	 0.1324	   0.000	 3.31e-01
 7.5	iso	r	  9.438	0.014	  9.089	  4.271	3.622	 -5.927	 -5.389	 1.369	 1.356	 0.568	     7.28	 0.1291	   0.000	 3.31e-01
 7.5	iso	r	  9.438	0.014	  9.089	  4.271	3.621	 -5.927	 -5.378	 1.386	 1.363	 0.563	     6.97	 0.1257	   0.000	 3.31e-01
 7.5	iso	r	  9.439	0.014	  9.089	  4.270	3.619	 -5.926	 -5.367	 1.402	 1.371	 0.557	     6.65	 0.1223	   0.000	 3.31e-01
 7.5	iso	r	  9.439	0.014	  9.089	  4.270	3.618	 -5.926	 -5.356	 1.419	 1.379	 0.552	     6.34	 0.1190	   0.000	 3.31e-01
 7.5	iso	r	  9.439	0.014	  9.089	  4.270	3.616	 -5.926	 -5.344	 1.436	 1.386	 0.546	     6.02	 0.1156	   0.000	 3.31e-01
 7.5	iso	r	  9.439	0.014	  9.089	  4.270	3.615	 -5.925	 -5.333	 1.452	 1.394	 0.540	     5.70	 0.1122	   0.000	 3.31e-01
 7.5	iso	r	  9.440	0.014	  9.089	  4.270	3.614	 -5.925	 -5.322	 1.469	 1.402	 0.535	     5.39	 0.1089	   0.000	 3.31e-01
 7.5	iso	r	  9.440	0.014	  9.089	  4.270	3.612	 -5.925	 -5.311	 1.486	 1.410	 0.529	     5.07	 0.1055	   0.000	 3.31e-01
 7.5	iso	r	  9.440	0.014	  9.090	  4.270	3.611	 -5.924	 -5.300	 1.502	 1.418	 0.524	     4.76	 0.1021	   0.000	 3.31e-01
 7.5	iso	r	  9.440	0.014	  9.090	  4.270	3.609	 -5.924	 -5.288	 1.519	 1.425	 0.518	     4.44	 0.0988	   0.000	 3.31e-01
 7.5	iso	r	  9.441	0.014	  9.089	  4.269	3.608	 -5.922	 -5.278	 1.531	 1.431	 0.515	     4.25	 0.0958	   0.000	 3.31e-01
 7.5	iso	r	  9.442	0.014	  9.088	  4.267	3.607	 -5.917	 -5.263	 1.548	 1.439	 0.511	     4.06	 0.0915	   0.000	 3.31e-01
 7.5	iso	r	  9.443	0.014	  9.088	  4.265	3.606	 -5.912	 -5.248	 1.564	 1.446	 0.508	     3.86	 0.0871	   0.000	 3.31e-01
 7.5	iso	r	  9.444	0.014	  9.087	  4.263	3.604	 -5.908	 -5.231	 1.578	 1.454	 0.504	     3.66	 0.0828	   0.000	 3.31e-01
 7.5	iso	r	  9.445	0.014	  9.086	  4.261	3.603	 -5.903	 -5.212	 1.589	 1.461	 0.500	     3.46	 0.0785	   0.000	 3.31e-01
 7.5	iso	r	  9.446	0.014	  9.085	  4.259	3.602	 -5.898	 -5.194	 1.600	 1.468	 0.497	     3.27	 0.0741	   0.000	 3.31e-01
 7.5	iso	r	  9.447	0.014	  9.084	  4.257	3.600	 -5.894	 -5.176	 1.611	 1.475	 0.493	     3.07	 0.0698	   0.000	 3.31e-01
 7.5	iso	r	  9.448	0.014	  9.083	  4.256	3.599	 -5.889	 -5.158	 1.622	 1.482	 0.489	     2.87	 0.0654	   0.000	 3.31e-01
 7.5	iso	r	  9.448	0.014	  9.082	  4.254	3.598	 -5.884	 -5.139	 1.633	 1.490	 0.486	     2.67	 0.0611	   0.000	 3.31e-01
 7.5	iso	r	  9.449	0.014	  9.082	  4.252	3.596	 -5.879	 -5.121	 1.644	 1.497	 0.482	     2.48	 0.0567	   0.000	 3.31e-01
 7.5	iso	r	  9.450	0.014	  9.081	  4.250	3.595	 -5.875	 -5.102	 1.655	 1.504	 0.478	     2.28	 0.0524	   0.000	 3.31e-01
 7.5	iso	r	  9.451	0.014	  9.080	  4.248	3.593	 -5.870	 -5.084	 1.666	 1.511	 0.475	     2.08	 0.0481	   0.000	 3.31e-01
 7.5	iso	r	  9.452	0.014	  9.079	  4.246	3.592	 -5.865	 -5.066	 1.677	 1.519	 0.471	     1.88	 0.0437	   0.000	 3.31e-01
 7.5	iso	r	  9.453	0.014	  9.078	  4.244	3.591	 -5.860	 -5.047	 1.688	 1.526	 0.468	     1.69	 0.0394	   0.000	 3.31e-01
 7.5	iso	r	  9.454	0.014	  9.077	  4.242	3.589	 -5.856	 -5.029	 1.699	 1.533	 0.464	     1.49	 0.0350	   0.000	 3.31e-01
 7.5	iso	r	  9.455	0.014	  9.076	  4.240	3.588	 -5.851	 -5.011	 1.710	 1.540	 0.460	     1.29	 0.0307	   0.000	 3.31e-01
 7.5	iso	r	  9.456	0.014	  9.076	  4.242	3.587	 -5.856	 -5.002	 1.719	 1.546	 0.454	     1.21	 0.0291	   0.000	 3.31e-01
 7.5	iso	r	  9.457	0.014	  9.075	  4.245	3.586	 -5.863	 -4.996	 1.727	 1.552	 0.446	     1.17	 0.0282	   0.000	 3.31e-01
 7.5	iso	r	  9.458	0.014	  9.074	  4.248	3.584	 -5.870	 -4.990	 1.735	 1.557	 0.439	     1.13	 0.0273	   0.000	 3.31e-01
 7.5	iso	r	  9.460	0.014	  9.072	  4.252	3.583	 -5.880	 -4.982	 1.746	 1.566	 0.428	     1.07	 0.0260	   0.000	 3.31e-01
 7.5	iso	r	  9.464	0.014	  9.068	  4.256	3.582	 -5.890	 -4.984	 1.751	 1.569	 0.421	     1.05	 0.0257	   0.000	 3.31e-01
 7.5	iso	r	  9.471	0.014	  9.060	  4.265	3.581	 -5.913	 -4.991	 1.761	 1.576	 0.406	     1.01	 0.0251	   0.000	 3.31e-01
 7.5	iso	r	  9.479	0.014	  9.051	  4.274	3.579	 -5.935	 -4.993	 1.774	 1.585	 0.390	     0.96	 0.0243	   0.000	 3.31e-01
 7.5	iso	r	  9.483	0.014	  9.047	  4.278	3.578	 -5.946	 -4.993	 1.780	 1.589	 0.382	     0.94	 0.0239	   0.000	 3.31e-01
 7.5	iso	r	  9.487	0.014	  9.042	  4.284	3.577	 -5.959	 -4.994	 1.788	 1.595	 0.372	     0.91	 0.0235	   0.000	 3.31e-01
 7.5	iso	r	  9.494	0.014	  9.033	  4.292	3.576	 -5.981	 -4.998	 1.799	 1.602	 0.356	     0.88	 0.0230	   0.000	 3.31e-01
 7.5	iso	r	  9.510	0.014	  9.013	  4.314	3.574	 -6.036	 -5.036	 1.810	 1.610	 0.328	     0.82	 0.0220	   0.000	 3.31e-01
 7.5	iso	r	  9.540	0.014	  8.953	  4.352	3.571	 -6.130	 -5.083	 1.822	 1.620	 0.274	     0.71	 0.0201	   0.000	 3.31e-01

